,id,conversation_id,created_at,date,timezone,place,tweet,language,hashtags,cashtags,user_id,user_id_str,username,name,day,hour,link,urls,photos,video,thumbnail,retweet,nlikes,nreplies,nretweets,quote_url,search,near,geo,source,user_rt_id,user_rt,retweet_id,reply_to,retweet_date,translate,trans_src,trans_dest
0,1599833390542254080,1599833390542254080,1670264978000.0,2022-12-05 18:29:38,+0000,,ูุฎุชูู ูุงูู ูููุจูุง ุจุณุฑุนุฉ ุชุชุนุงูู ููุฐุง ุงูุนุฑุจ ุงุจู ุบุฒุฉ ูุงุดู  ุงูุญูุฏููู ุฑุจ ุงูุนุงูููู  ุงุฎุชูููุง ูุน ุงูุงุนุชุฑุงู ุจูููุฏูุฉ ุงูุฃุฑุถ ุงููุจุงุฑูุฉ ูุงููุตุงูุญุฉ ูุน ุงููููุฏ  ูุงูู ุนูุฏูุง ูุดูู ุงููุญุจุฉ ุจูู ุงูุฃุฎูุฉ ุนุงุฏุช ุฅูู ุทุจูุนุชูุง ููุฑุญ ููุฌููุน,ar,[],[],1468946938410188814,1468946938410188814,rjaabwabd2,ุฑุฌุงุฆู ุงุจูุนุงุจุฏ,1,18,https://twitter.com/rjaabwabd2/status/1599833390542254080,[],[],0,,False,0,0,0,https://twitter.com/l1_p7/status/1599797461299576833,ุบุฒุฉ,,,,,,,[],,,,
1,1599833377183391744,1599833377183391744,1670264975000.0,2022-12-05 18:29:35,+0000,,#ูุชุงุจุนุฉ | ุงูุฏูุงุน ููุงุฌูุงุช ุฏุงุฎู ุงูุจูุฏุฉ ุงููุฏููุฉ ูู ุงูุฎุถุฑ ุฌููุจ ุจูุช ูุญูุ ูุงูุงุญุชูุงู ูุทูู ุงูุฑุตุงุต ุงูุญู.,ar,['ูุชุงุจุนุฉ'],[],1355599881843462146,1355599881843462146,shaabradio,ุฅุฐุงุนุฉ ุตูุช ุงูุดุนุจ - ุบุฒุฉ,1,18,https://twitter.com/shaabradio/status/1599833377183391744,[],[],0,,False,0,0,0,,ุบุฒุฉ,,,,,,,[],,,,
2,1599833309558644736,1599510252843462656,1670264959000.0,2022-12-05 18:29:19,+0000,,@shafiee_ola ุงูุตูุญ ุฎูุฑ ูููู ุนูุฏูุง ุฃุตุจุญ ุงูุญููุฏ ุงููุบุงุฑุจุฉ ูุญุงุฑุจูู ุฅูู ุฌุงูุจ ุงูุฌูุด ุงูุฅุณุฑุงุฆููู ูู ุบุฒุฉ  ุจุงุช ุงููุณุงุทุฉ ุชููุฏ ููุชู ุฃูู ุตูุงุญ ุงูุฏูู ุงูุฃููุจูุ ูุงูุนุชุตูุงู!,ar,[],[],926513953894780928,926513953894780928,MohamedLakhderb,ูุญูุฏ ูุฎุถุฑ ุจู ุงูุฏูู,1,18,https://twitter.com/MohamedLakhderb/status/1599833309558644736,[],[],0,,False,0,0,0,,ุบุฒุฉ,,,,,,,"[{'screen_name': 'shafiee_ola', 'name': 'ุนููุง ุดููุน', 'id': '1321881615409303554'}]",,,,
3,1599833061989810176,1599833061989810176,1670264900000.0,2022-12-05 18:28:20,+0000,,ุงููุจุฉ ุงูุญุฏุฏุฉ  ู ููุธููุฉ ุงูุฏูุงุน ุงูุงุณุฑุงุฆูุฉ ุจุงุฑุงู ู ููุงุฌูู ุตูุฑุงุฎ ุญูุงุณ ุงูุช ุชุทูู ูู ุบุฒู ุนูู ุงููุณุชูุทูุงุช  ุงูุงุณุฑุงุฆูู ุงููุงุฐุง ุงููุจุฉ ุงูุญุฏุฏุฉ ฺฉุงูุช ุถุนูุฉ #ุงููุจุฉ_ุงูุญุฏูุฏูุฉ_ุงููุงุดูุฉฒ,ar,['ุงููุจุฉ_ุงูุญุฏูุฏูุฉ_ุงููุงุดูุฉฒ'],[],718473229187342343,718473229187342343,HanoufUae,๐ฆ๐ชููุฑุฉ ูููู,1,18,https://twitter.com/HanoufUae/status/1599833061989810176,[],[],0,,False,0,0,0,,ุบุฒุฉ,,,,,,,[],,,,
4,1599832973519396865,1599832973519396865,1670264879000.0,2022-12-05 18:27:59,+0000,,ุฃุจุฑุฒ ูุชุงุจุนูู ุบุฒุฉ ุงูุขู ูู ูุฐู ุงูุฏูู ูุงูููุฏู ๐ต๐ธ๐ช๐ฌ๐ฉ๐ฟ๐น๐ณ๐ฒ๐ฆ๐ธ๐ฆ๐ฑ๐พ๐ฎ๐ถ๐ฏ๐ด  https://t.co/M9V1ryIQgU,ar,[],[],1570057457279410178,1570057457279410178,TheGhostJapan1,TheGhostKamikaze๐ฏ๐ตโ๏ธ We Are Legiรณn. #Anonymous๐,1,18,https://twitter.com/TheGhostJapan1/status/1599832973519396865,[],"['https://pbs.twimg.com/media/FjO_ms2XwAMVyYP.jpg', 'https://pbs.twimg.com/media/FjO_nB6XwAAYTyc.jpg']",1,https://pbs.twimg.com/media/FjO_ms2XwAMVyYP.jpg,False,0,0,0,,ุบุฒุฉ,,,,,,,[],,,,
5,1599832959502405632,1599832959502405632,1670264875000.0,2022-12-05 18:27:55,+0000,,"ูู ุทูุจ ุงูุฎููู ุชููุงู ุงููููุจ โค  ูููุฑ ุฎุงููู ุนูุงุก ุงุจูุนูุงุฏ "" ุงุฎุฑ ุงูุนูููุฏ ""   #ุบุฒุฉ #ุงูุฑูููุงุช  https://t.co/1aE1QWBJpr",ar,"['ุบุฒุฉ', 'ุงูุฑูููุงุช']",[],1489494697873657858,1489494697873657858,ayad_ayad0,ูุถุงู ุงุจูุนูุงุฏ - ุบุฒุฉ,1,18,https://twitter.com/ayad_ayad0/status/1599832959502405632,[],[],1,https://pbs.twimg.com/ext_tw_video_thumb/1599832384844840981/pu/img/cS0KNedPk-speG2p.jpg,False,2,0,0,,ุบุฒุฉ,,,,,,,[],,,,
6,1599832705671176192,1599719736278802432,1670264815000.0,2022-12-05 18:26:55,+0000,,@NaelaSaleh ุงุทูุจู ุงุฎุชู ุฃู ุดูุก ุฅุฐุง ุจุฏู ุจุจุนุซ ููู ูู ุบุฒุฉ ุฅูู ุจุฏูู ุฅูุงู ูุงููู... ุงููุงุณ ูุจุนุถ ูุง ุงุฎุชู,ar,[],[],2893690948,2893690948,aaalia1,Ali Abu Ahmad Rajela,1,18,https://twitter.com/aaalia1/status/1599832705671176192,[],[],0,,False,0,0,0,,ุบุฒุฉ,,,,,,,"[{'screen_name': 'NaelaSaleh', 'name': 'ูุงุฆูู ุนูููุฑ ุตุงูุญ', 'id': '207197101'}]",,,,
7,1599832543146414081,1599832543146414081,1670264776000.0,2022-12-05 18:26:16,+0000,,ฺฉุงู ุนูู ุงูุฌุด ุงูุงุณุฑุงุฆู  ุงุฑุชูุงุน ุงููุชูู ุงูุงุณุฑุงุฆูู ุจุณุจุจ ุงูุตูุฑุงุฎ ุงูุชู ุงุทููุช ูู ูุทุงุน ุบุฒู ูุงู ุงููุจุฉ ุงูุญุฏุฏุฉ ูุงูู  ููุธููุฉ ุจุงุฑุง ู #ุงููุจุฉ_ุงูุญุฏูุฏูุฉ_ุงููุงุดูุฉฒ  https://t.co/yXUyic3g0k,fa,['ุงููุจุฉ_ุงูุญุฏูุฏูุฉ_ุงููุงุดูุฉฒ'],[],718473229187342343,718473229187342343,HanoufUae,๐ฆ๐ชููุฑุฉ ูููู,1,18,https://twitter.com/HanoufUae/status/1599832543146414081,[],['https://pbs.twimg.com/media/FjO_F9IXwAYto-n.jpg'],1,https://pbs.twimg.com/media/FjO_F9IXwAYto-n.jpg,False,0,0,0,,ุบุฒุฉ,,,,,,,[],,,,
8,1599832381032001537,1166666426830266368,1670264737000.0,2022-12-05 18:25:37,+0000,,@NaelaSaleh @Bashar_Hamdan ุงููู ูุญูุธูู ููุณุนุฏูู ุฌููุนุง ู ูุงุฑุจ ููู ุบุฒุฉ ููุณุทูู ุชุญูุงุชู ูู ุงุฎุชู ุงูุนุฒูุฒุฉ ุงุณุชุงุฐุฉ ูุงุฆูุฉ,ar,[],[],2893690948,2893690948,aaalia1,Ali Abu Ahmad Rajela,1,18,https://twitter.com/aaalia1/status/1599832381032001537,[],[],0,,False,0,0,0,,ุบุฒุฉ,,,,,,,"[{'screen_name': 'NaelaSaleh', 'name': 'ูุงุฆูู ุนูููุฑ ุตุงูุญ', 'id': '207197101'}, {'screen_name': 'Bashar_Hamdan', 'name': 'Bashar Hamdan', 'id': '257962104'}]",,,,
9,1599832348622655488,1599678102740750336,1670264730000.0,2022-12-05 18:25:30,+0000,,@ark_2012 @Nina3000000 @WaelAboOmer @GMD456 ุบุตุจ ุนูู ูุนู ุงูู ูุฑุงู ูุญููู ุงุญูู ุนู ุบุฒุฉ ููู ุชูุงุตูููุง ุทุงููุง ุงุจููุง ูุงูุฃุฌููุฑ  ุงุญุฌุฒ ุฏูุฑู ุนุดุงู ุชุตูุญ ุฌูุงุฒูุฑ ุฏุจุงุจุงุช ูุฌุฑุงูุงุช ูุชุตุจ ุดุงู ุงููู ๐,ar,[],[],2947283096,2947283096,palestiniangaz,ุบุฒุงูู,1,18,https://twitter.com/palestiniangaz/status/1599832348622655488,[],[],0,,False,0,0,0,,ุบุฒุฉ,,,,,,,"[{'screen_name': 'ark_2012', 'name': 'AbdulRahman ๐ต๐ธ \u2066\u2066\u2066\u2066\u2066\u2066\u2066\u2066', 'id': '509198510'}, {'screen_name': 'Nina3000000', 'name': 'ุณูุงุก ุงุญูุฏ', 'id': '1571650902313910272'}, {'screen_name': 'WaelAboOmer', 'name': 'ูุงุฆู ุฃุจู ุนูุฑ ๐ต๐ธ', 'id': '454776011'}, {'screen_name': 'GMD456', 'name': 'R a m y ๐ต๐ธ', 'id': '1556238418753064961'}]",,,,
10,1599832240615477248,1599831990278451200,1670264704000.0,2022-12-05 18:25:04,+0000,,@rayanalrefa3i ููุชููุฉ ูุงุญูุฑูุง ูููุฑุจูู,ar,[],[],889263812347604997,889263812347604997,Muhannadkh98,ุฃุจู ุงูููููููุฏ- ุบุฒุฉ ๐ต๐ธ๐ง๐ท,1,18,https://twitter.com/Muhannadkh98/status/1599832240615477248,[],[],0,,False,0,1,0,,ุบุฒุฉ,,,,,,,"[{'screen_name': 'rayanalrefa3i', 'name': 'ุฑูููุงู', 'id': '1237013124085137408'}]",,,,
11,1599832193211150336,1599816005361881088,1670264692000.0,2022-12-05 18:24:52,+0000,,@nnn1568 @saloseb203 ูุงูุญุณุงุจ ุงุชููู ุตุงุญุจู ูุญูุฏ ุงูุถูู ๐๐,ar,[],[],1489494697873657858,1489494697873657858,ayad_ayad0,ูุถุงู ุงุจูุนูุงุฏ - ุบุฒุฉ,1,18,https://twitter.com/ayad_ayad0/status/1599832193211150336,[],[],0,,False,2,1,0,,ุบุฒุฉ,,,,,,,"[{'screen_name': 'nnn1568', 'name': '๐๏ธ๐ฆNariman๐ฆ๐๏ธ', 'id': '1391137711260672001'}, {'screen_name': 'saloseb203', 'name': '๐ุงู ุงูููู๐ ุงูููุฏู', 'id': '1456301790165602311'}]",,,,
12,1599832087200419840,1599327406980206592,1670264667000.0,2022-12-05 18:24:27,+0000,,@NaelaSaleh @ALThani_M ุญูุธ ุงููู ูุทุฑ ุงูุดูููุฉ ูุงููุฑูุง ุงูููุฏู ูุดุนุจูุง ุงูุทูุจ ุงููุฑูู ูุงุฑุจ ูู ุบุฒุฉ ููุณุทูู ุชุญูุงุชู ูุณูู ุงูุฃููุฑ ุชููู ุจู ุญูุฏ ุญูุธู ุงููู ูุฑุนุงู ูุงุทุงู ุงููู ุจุนูุฑู ูุงุฑุจ,ar,[],[],2893690948,2893690948,aaalia1,Ali Abu Ahmad Rajela,1,18,https://twitter.com/aaalia1/status/1599832087200419840,[],[],0,,False,0,0,0,,ุบุฒุฉ,,,,,,,"[{'screen_name': 'NaelaSaleh', 'name': 'ูุงุฆูู ุนูููุฑ ุตุงูุญ', 'id': '207197101'}, {'screen_name': 'ALThani_M', 'name': 'ูููุฑูููู ุขู ุซููุงูููู', 'id': '94840660'}]",,,,
13,1599832001850540032,1599814237064306688,1670264647000.0,2022-12-05 18:24:07,+0000,,@samira__96 ุงูุตูุฑุฉ ุนูููุง ุดุนุงุฑ ุงูููุงุฑ  ููุญู ุงูููุงุฑ ูู ุงููุตูุฑุงุช ุงูุฑุจูู ูู ุบุฒุฉ ๐,ar,[],[],1490634842,1490634842,rashamrizqa,ุฑุดุง ูุญููุฏ ุฑุฒูู #ุบุฒุฉ,1,18,https://twitter.com/rashamrizqa/status/1599832001850540032,[],[],0,,False,2,1,0,,ุบุฒุฉ,,,,,,,"[{'screen_name': 'samira__96', 'name': 'ุณูููุฑุฉ ุฃุจู ุดุนุฑโข๐โข|๏ทบ.', 'id': '1394188451038343168'}]",,,,
14,1599831986864259072,1599711965332791296,1670264643000.0,2022-12-05 18:24:03,+0000,,@abonaseer_1111 ูุงู .. ููุด   ุจุณูุทุฉ ุงูุณูุฉ ุงูุฌุงูุฉ ุจุชุญุชูููุง ูู ุงูุจูุฑุฉ ุนูุฏูู,ar,[],[],1489494697873657858,1489494697873657858,ayad_ayad0,ูุถุงู ุงุจูุนูุงุฏ - ุบุฒุฉ,1,18,https://twitter.com/ayad_ayad0/status/1599831986864259072,[],[],0,,False,0,0,0,,ุบุฒุฉ,,,,,,,"[{'screen_name': 'abonaseer_1111', 'name': 'ุงุจู ูุงุตุฑ ๐ถ๐ฆ', 'id': '1501884329831636994'}]",,,,
15,1599831942647758878,1599831942647758878,1670264633000.0,2022-12-05 18:23:53,+0000,,#ููุณุทูู | ูุฒุงุฑุฉ ุงูุฃุณุฑู ูุงููุญุฑุฑูู: ุงูุชูุงุณุฉ ุญุฏุซุช ุนูู ุงูุญุงูุฉ ุงูุตุญูุฉ ููุฃุณูุฑ ููุณู ููุฏุงุฏ ูู ุบุฒุฉ ุจุนุฏ ุฅุฌุฑุงุฆู ุนูููุฉ ูุณุทุฑุฉ ูู ุงูููุจ ุฃูุณุ ุญูุซ ุฃุซุจุชุช ุงููุญูุตุงุช ุงูุญุฏูุซุฉ ุงูุณุฏุงุฏ ูู ุงุซููู ูู ุดุฑุงููู ุงูููุจ ููุญุชุงุฌ ุฅูู ุชุฏุฎู ุฌุฑุงุญู ุนุงุฌู ููู ูุง ูุนุฑู ุจุนูููุฉ ุงูููุจ ุงูููุชูุญ.,ar,['ููุณุทูู'],[],1473226698866974725,1473226698866974725,WANbreaking,ุบุฑุจ ุขุณูุง - ุนุงุฌู,1,18,https://twitter.com/WANbreaking/status/1599831942647758878,[],[],0,,False,0,0,0,,ุบุฒุฉ,,,,,,,[],,,,
16,1599831748937818113,1599831748937818113,1670264587000.0,2022-12-05 18:23:07,+0000,,ูุฒุงุฑุฉ ุงูุฃุณุฑู ูุงููุญุฑุฑูู:  ๐ุงูุชูุงุณุฉ ุญุฏุซุช ุนูู ุงูุญุงูุฉ ุงูุตุญูุฉ ููุฃุณูุฑ ููุณู ููุฏุงุฏ ูู ุบุฒุฉ ุจุนุฏ ุฅุฌุฑุงุฆู ุนูููุฉ ูุณุทุฑุฉ ูู ุงูููุจ ุธูุฑ ุฃูุณุ ุญูุซ ุฃุซุจุชุช ุงููุญูุตุงุช ุงูุญุฏูุซุฉ ุงูุณุฏุงุฏ ูู ุงุซููู ูู ุดุฑุงููู ุงูููุจ ููุญุชุงุฌ ุฅูู ุชุฏุฎู ุฌุฑุงุญู ุนุงุฌู ููู ูุงูุนุฑู ุจุนูููุฉ ุงูููุจ ุงูููุชูุญ.,ar,[],[],1235583727411040259,1235583727411040259,ar2aan,ุฃุฑูููููููููููุงู,1,18,https://twitter.com/ar2aan/status/1599831748937818113,[],[],0,,False,0,0,0,,ุบุฒุฉ,,,,,,,[],,,,
17,1599831633749635073,1599745482795778048,1670264559000.0,2022-12-05 18:22:39,+0000,,@Hanzpal2 ุงุชููู ูุงุณู ุฎุท ุตูุงุญ ุงูุฏูู ููุงูู,ar,[],[],1489494697873657858,1489494697873657858,ayad_ayad0,ูุถุงู ุงุจูุนูุงุฏ - ุบุฒุฉ,1,18,https://twitter.com/ayad_ayad0/status/1599831633749635073,[],[],0,,False,0,0,0,,ุบุฒุฉ,,,,,,,"[{'screen_name': 'Hanzpal2', 'name': 'Hanzala', 'id': '1311224065890410496'}]",,,,
18,1599831606025494528,1599831606025494528,1670264552000.0,2022-12-05 18:22:32,+0000,,ุงูุทููุฉ ุงููุฑูุถุฉ ุญูุฑ ูู ุบุฒุฉ ุชุฎุทู ุฃููู ุฎุทูุงุชูุง ุฏุงุฎู ุงููุณุฌุฏ ุงูุฃูุตู ุงููุจุงุฑู .. ุฃูููุงุชูุง ููุง ุจุงูุดูุงุก ุงูุนุงุฌู  ุชุตููุฑ:  ุนุจุฏ ุงูุฑุญูู ุนููู  https://t.co/dt6oPhtC6K,ar,[],[],917650393592750082,917650393592750082,palestinianpic1,ุตูุฑ ูู ููุณุทูู,1,18,https://twitter.com/palestinianpic1/status/1599831606025494528,[],['https://pbs.twimg.com/media/FjO-RioXoAMsT-F.jpg'],1,https://pbs.twimg.com/media/FjO-RioXoAMsT-F.jpg,False,1,0,0,,ุบุฒุฉ,,,,,,,[],,,,
19,1599831596546203648,1599831596546203648,1670264550000.0,2022-12-05 18:22:30,+0000,,ุฃุจุฑุฒ ูุชุงุจุนูู ุบุฒุฉ ุงูุขู ูู ูุฐู ุงูุฏูู ูุงูููุฏู ๐ต๐ธ๐ช๐ฌ๐ฉ๐ฟ๐น๐ณ๐ฒ๐ฆ๐ธ๐ฆ๐ฑ๐พ๐ฎ๐ถ๐ฏ๐ด  https://t.co/QoW4CQSyru,ar,[],[],1393670201883889665,1393670201883889665,GazaNownews,ุบุฒุฉ ุงูุขู - Gaza Now,1,18,https://twitter.com/GazaNownews/status/1599831596546203648,[],"['https://pbs.twimg.com/media/FjO97ARX0AAJawn.png', 'https://pbs.twimg.com/media/FjO97l-XwAMs0vY.png']",1,https://pbs.twimg.com/media/FjO97ARX0AAJawn.png,False,16,1,6,,ุบุฒุฉ,,,,,,,[],,,,
20,1599831579462754304,1599713063032262657,1670264546000.0,2022-12-05 18:22:26,+0000,,@Saadalghanim2 ูุงู ูุญุชุงุฌ ุตูุนุฉ ุนูู ูุฌููุ  ุญููู ุงูุงูุณุงู ุงููู ุชุนุทููุง ุนูู ุงุทูุงู ุบุฒุฉ ุงูู ููุงููุง ุจุฏูู ููุฑุจุงุก  ู ุฏูู ุฃูู ู ุฃูู ุงู ุงูุงู ุงูุตููุงููุฉ ุงูู ุชุญูุฑ ูู ููู ูุจุฑ ูุงููุงุฏูุง ูุงููุง ูู ูุงููู ุงูู ุชุงูููู ุงู ุงูููุงุฌุฑูู ุงูู ููุฑุจูุง ูู ุงูุญุฑุจ ู ูุบุฑููุง ูู ุงูุจุญุฑ  ู ุนููููู ูููุฆุฉ ุจุงูุฏููุน ูุงููู ููุฏูุง ุนุงุฆูุงุชูู ุจุงูุญุฑุจ,ar,[],[],776575291686649857,776575291686649857,Maan_Alhinai,maan alhinai,1,18,https://twitter.com/Maan_Alhinai/status/1599831579462754304,[],[],0,,False,1,0,0,,ุบุฒุฉ,,,,,,,"[{'screen_name': 'Saadalghanim2', 'name': 'ุณุนุฏ ุงูุบุงูู ุงุจู ูุญูุฏ ๐ถ๐ฆ', 'id': '787718901928984577'}]",,,,
21,1599831508654907392,1599771430706479106,1670264529000.0,2022-12-05 18:22:09,+0000,,@waleed_Emad92 ุงูุจูุฏูุฉ ุจุชุชููู ูุชูุฏูู,ar,[],[],1489494697873657858,1489494697873657858,ayad_ayad0,ูุถุงู ุงุจูุนูุงุฏ - ุบุฒุฉ,1,18,https://twitter.com/ayad_ayad0/status/1599831508654907392,[],[],0,,False,0,0,0,,ุบุฒุฉ,,,,,,,"[{'screen_name': 'waleed_Emad92', 'name': 'ูููุฏ ุงูุฏุฑุฏุณุงูู\uea00๐ต๐ธ๐', 'id': '791527014897422337'}]",,,,
22,1599831504476991488,1599831504476991488,1670264528000.0,2022-12-05 18:22:08,+0000,,โญ ูุฒุงุฑุฉ ุงูุฃุณุฑู ูุงููุญุฑุฑูู: ุงูุชูุงุณุฉ ุญุฏุซุช ุนูู ุงูุญุงูุฉ ุงูุตุญูุฉ ููุฃุณูุฑ ููุณู ููุฏุงุฏ ูู ุบุฒุฉ ุจุนุฏ ุฅุฌุฑุงุฆู ุนูููุฉ ูุณุทุฑุฉ ูู ุงูููุจ ุธูุฑ ุฃูุณุ ุญูุซ ุฃุซุจุชุช ุงููุญูุตุงุช ุงูุญุฏูุซุฉ ุงูุณุฏุงุฏ ูู ุงุซููู ูู ุดุฑุงููู ุงูููุจ ููุญุชุงุฌ ุฅูู ุชุฏุฎู ุฌุฑุงุญู ุนุงุฌู ููู ูุงูุนุฑู ุจุนูููุฉ ุงูููุจ ุงูููุชูุญ.,ar,[],[],286018054,286018054,ShehabAgency,ููุงูุฉ ุดูุงุจ ููุฃูุจุงุก,1,18,https://twitter.com/ShehabAgency/status/1599831504476991488,[],[],0,,False,0,0,0,,ุบุฒุฉ,,,,,,,[],,,,
23,1599831429700952064,1599827755176062976,1670264510000.0,2022-12-05 18:21:50,+0000,,@I2A_gh ูุจุงุฑู ูุง ุทูุจ,ar,[],[],1489494697873657858,1489494697873657858,ayad_ayad0,ูุถุงู ุงุจูุนูุงุฏ - ุบุฒุฉ,1,18,https://twitter.com/ayad_ayad0/status/1599831429700952064,[],[],0,,False,0,0,0,,ุบุฒุฉ,,,,,,,"[{'screen_name': 'I2A_gh', 'name': '.๐ฆ๐ค', 'id': '1294002987782856704'}]",,,,
24,1599831392489291819,1599831392489291819,1670264502000.0,2022-12-05 18:21:42,+0000,,ุนุงุฌู || ูุฒุงุฑุฉ ุงูุฃุณุฑู ูุงููุญุฑุฑูู: ุงูุชูุงุณุฉ ุญุฏุซุช ุนูู ุงูุญุงูุฉ ุงูุตุญูุฉ ููุฃุณูุฑ ููุณู ููุฏุงุฏ ูู ุบุฒุฉ ุจุนุฏ ุฅุฌุฑุงุฆู ุนูููุฉ ูุณุทุฑุฉ ูู ุงูููุจ ุธูุฑ ุฃูุณุ ุญูุซ ุฃุซุจุชุช ุงููุญูุตุงุช ุงูุญุฏูุซุฉ ุงูุณุฏุงุฏ ูู ุงุซููู ูู ุดุฑุงููู ุงูููุจ ููุญุชุงุฌ ุฅูู ุชุฏุฎู ุฌุฑุงุญู ุนุงุฌู ููู ูุงูุนุฑู ุจุนูููุฉ ุงูููุจ ุงูููุชูุญ.,ar,[],[],1176817148909498368,1176817148909498368,AlmakdesyMedia,ุงูููุฏุณู ููุฅุนูุงู,1,18,https://twitter.com/AlmakdesyMedia/status/1599831392489291819,[],[],0,,False,0,0,0,,ุบุฒุฉ,,,,,,,[],,,,
25,1599831311602003968,1599816005361881088,1670264482000.0,2022-12-05 18:21:22,+0000,,@nnn1568 @saloseb203 ุงูููู ุงูุด ุจูุนูู ุงูุฃุฎ ุฎูููุง ูุดูู ุนูุดุงู ุงุฑุฏ .. ๐๐๐๐๐๐  https://t.co/FJjK1nR60a,ar,[],[],1489494697873657858,1489494697873657858,ayad_ayad0,ูุถุงู ุงุจูุนูุงุฏ - ุบุฒุฉ,1,18,https://twitter.com/ayad_ayad0/status/1599831311602003968,[],['https://pbs.twimg.com/media/FjO-GRrXwBE9Lc7.jpg'],1,https://pbs.twimg.com/media/FjO-GRrXwBE9Lc7.jpg,False,2,2,0,,ุบุฒุฉ,,,,,,,"[{'screen_name': 'nnn1568', 'name': '๐๏ธ๐ฆNariman๐ฆ๐๏ธ', 'id': '1391137711260672001'}, {'screen_name': 'saloseb203', 'name': '๐ุงู ุงูููู๐ ุงูููุฏู', 'id': '1456301790165602311'}]",,,,
26,1599831294262714368,1599831294262714368,1670264478000.0,2022-12-05 18:21:18,+0000,,โญ ุนุงุฌู || ูุฒุงุฑุฉ ุงูุฃุณุฑู ูุงููุญุฑุฑูู: ุงูุชูุงุณุฉ ุญุฏุซุช ุนูู ุงูุญุงูุฉ ุงูุตุญูุฉ ููุฃุณูุฑ ููุณู ููุฏุงุฏ ูู ุบุฒุฉ ุจุนุฏ ุฅุฌุฑุงุฆู ุนูููุฉ ูุณุทุฑุฉ ูู ุงูููุจ ุธูุฑ ุฃูุณุ ุญูุซ ุฃุซุจุชุช ุงููุญูุตุงุช ุงูุญุฏูุซุฉ ุงูุณุฏุงุฏ ูู ุงุซููู ูู ุดุฑุงููู ุงูููุจ ููุญุชุงุฌ ุฅูู ุชุฏุฎู ุฌุฑุงุญู ุนุงุฌู ููู ูุงูุนุฑู ุจุนูููุฉ ุงูููุจ ุงูููุชูุญ.,ar,[],[],389536829,389536829,Alaqsavoice_Brk,ุฅุฐุงุนุฉ ุงูุฃูุตู - ุนุงุฌู,1,18,https://twitter.com/Alaqsavoice_Brk/status/1599831294262714368,[],[],0,,False,9,1,3,,ุบุฒุฉ,,,,,,,[],,,,
27,1599831267905880086,1599831267905880086,1670264472000.0,2022-12-05 18:21:12,+0000,,New post in ุนุงุฌู || ูุฒุงุฑุฉ ุงูุฃุณุฑู ูุงููุญุฑุฑูู: ุงูุชูุงุณุฉ ุญุฏุซุช ุนูู ุงูุญุงูุฉ ุงูุตุญูุฉ ููุฃุณูุฑ ููุณู ููุฏุงุฏ ูู ุบุฒุฉ ุจุนุฏ ุฅุฌุฑุงุฆู ุนูููุฉ ูุณุทุฑุฉ ูู ุงูููุจ ุธูุฑ ุฃูุณุ ุญูุซ ุฃุซุจุชุช ุงููุญูุตุงุช ุงูุญุฏูุซุฉ ุงูุณุฏุงุฏ ูู ุงุซููู ูู ุดุฑุงููู ุงูููุจ ููุญุชุงุฌ ุฅูู ุชุฏุฎู ุฌุฑุงุญู ุนุงุฌู ููู ูุงูุนุฑู ุจุนูููุฉ ุงูููุจ ุงูููุชูุญ.  ููุฑุฑ ุฏุนูุชูุง ููโฆ,ar,[],[],929047602024284160,929047602024284160,K_a_p_s_o_l_a,โขููุจุณููููู,1,18,https://twitter.com/K_a_p_s_o_l_a/status/1599831267905880086,[],[],0,,False,0,0,0,,ุบุฒุฉ,,,,,,,[],,,,
28,1599831232803930113,1599678102740750336,1670264463000.0,2022-12-05 18:21:03,+0000,,@palestiniangaz @Nina3000000 @WaelAboOmer @GMD456 ุฑูุญ ุบูุฑ ุจูุดุฑ ูุณูุฏู ุงูุตููููู ุจุนุฏูุง ููุงู ุจุทูุนููุงุด ุชุชููู ุนูู ุบุฒุฉ,ar,[],[],509198510,509198510,ark_2012,AbdulRahman ๐ต๐ธ โฆโฆโฆโฆโฆโฆโฆโฆ,1,18,https://twitter.com/ark_2012/status/1599831232803930113,[],[],0,,False,0,1,0,,ุบุฒุฉ,,,,,,,"[{'screen_name': 'palestiniangaz', 'name': 'ุบุฒุงูู', 'id': '2947283096'}, {'screen_name': 'Nina3000000', 'name': 'ุณูุงุก ุงุญูุฏ', 'id': '1571650902313910272'}, {'screen_name': 'WaelAboOmer', 'name': 'ูุงุฆู ุฃุจู ุนูุฑ ๐ต๐ธ', 'id': '454776011'}, {'screen_name': 'GMD456', 'name': 'R a m y ๐ต๐ธ', 'id': '1556238418753064961'}]",,,,
29,1599831193851072512,1599779584576491520,1670264454000.0,2022-12-05 18:20:54,+0000,,@SalehZighari ูู ุงููุดุงููุฑ ุงูู ุงูุดูุฑูุง ูู ุญุฑุจ 2021 ุงุบูุจูู ูุณุชููุฏู ูุงุฏูุง ูุงูุฏุงููู ูุด ูุถููุฉ ููููู ูุงุนุฏูู ุจููุดููุง ูุงุญุฏ ูุฑุง ูุงุญุฏ ููุทุฉ ูุณุทุฑ ุฌุฏูุฏ,ar,[],[],1430788598467604480,1430788598467604480,BcV4o,ุบุฒุฉ,1,18,https://twitter.com/BcV4o/status/1599831193851072512,[],[],0,,False,0,0,0,,ุบุฒุฉ,,,,,,,"[{'screen_name': 'SalehZighari', 'name': 'Saleh Zighari', 'id': '1269556469638270976'}]",,,,
30,1599831174196604929,1599831174196604929,1670264450000.0,2022-12-05 18:20:50,+0000,,โญ ุนุงุฌู || ูุฒุงุฑุฉ ุงูุฃุณุฑู ูุงููุญุฑุฑูู: ุงูุชูุงุณุฉ ุญุฏุซุช ุนูู ุงูุญุงูุฉ ุงูุตุญูุฉ ููุฃุณูุฑ ููุณู ููุฏุงุฏ ูู ุบุฒุฉ ุจุนุฏ ุฅุฌุฑุงุฆู ุนูููุฉ ูุณุทุฑุฉ ูู ุงูููุจ ุธูุฑ ุฃูุณุ ุญูุซ ุฃุซุจุชุช ุงููุญูุตุงุช ุงูุญุฏูุซุฉ ุงูุณุฏุงุฏ ูู ุงุซููู ูู ุดุฑุงููู ุงูููุจ ููุญุชุงุฌ ุฅูู ุชุฏุฎู ุฌุฑุงุญู ุนุงุฌู ููู ูุงูุนุฑู ุจุนูููุฉ ุงูููุจ ุงูููุชูุญ.,ar,[],[],158353216,158353216,Alaqsavoice,ุฅุฐุงุนุฉ ุงูุฃูุตู,1,18,https://twitter.com/Alaqsavoice/status/1599831174196604929,[],[],0,,False,2,1,1,,ุบุฒุฉ,,,,,,,[],,,,
31,1599831166806151168,1599831166806151168,1670264448000.0,2022-12-05 18:20:48,+0000,,#ุดุงูุฏ ุฃุนูุงู ุงูุฑุณุงู ุงูุชุดูููู ุงุณุงูุฉ ุงุจู ุญูุฑุฉ #ุบุฒุฉ   https://t.co/SeLDr9QTzD,ar,"['ุดุงูุฏ', 'ุบุฒุฉ']",[],1075962957580914688,1075962957580914688,ABDULLAH1_1964,Abdullahhassan,1,18,https://twitter.com/ABDULLAH1_1964/status/1599831166806151168,['https://youtube.com/shorts/sVos35wXs70?feature=share'],[],0,,False,0,0,0,,ุบุฒุฉ,,,,,,,[],,,,
32,1599830771153657857,1599830661082140672,1670264353000.0,2022-12-05 18:19:13,+0000,,ุบุฒูุฉ: ุฏูุงุนู ูุฏูููู ุชููุตู ุญุชู ุงูุณูุงูู!  https://t.co/hXCRYxxcsB,ar,[],[],984362710681911298,984362710681911298,MetrasWebsite,ูุชุฑุงุณ - Metras,1,18,https://twitter.com/MetrasWebsite/status/1599830771153657857,[],[],1,https://pbs.twimg.com/ext_tw_video_thumb/1599830680468439040/pu/img/4rjZvVnC_CswWdk8.jpg,False,1,0,1,,ุบุฒุฉ,,,,,,,[],,,,
33,1599830758675271681,1599686894656200704,1670264350000.0,2022-12-05 18:19:10,+0000,,@IsraelPersian ูุนูุง ุจุฑู ุงูุฏู ู ููุง ุณุฑุฏูุ ุงุญูู ุชู ฺฉู ุฎูุฏุชู ูุนุทู ุงู ุฌูุฌู ุฑูุบู ูุง ฺฉุฑุฏ. ุงุฒ ูพุณ #ุบุฒู ููุฑูุงู ุจุง ุงูู ููู ุชุญุฑู ู ุฌูฺฏ ู ุชุฑูุฑ ุจุฑ ููุงูุ ูุฎูุงู #ุงุฑุงู_ุจุฒุฑฺฏ ุฑู ุชฺฉู ุชฺฉู ฺฉูุฏุ ุฒู ุฎุงู ุจุงุทู.,fa,"['ุบุฒู', 'ุงุฑุงู_ุจุฒุฑฺฏ']",[],1485323032197361666,1485323032197361666,alidoroodi3,alidoroodi,1,18,https://twitter.com/alidoroodi3/status/1599830758675271681,[],[],0,,False,0,0,0,,ุบุฒุฉ,,,,,,,"[{'screen_name': 'IsraelPersian', 'name': 'ุงุณุฑุงุฆู ุจู ูุงุฑุณ', 'id': '226928166'}]",,,,
34,1599830676856967169,1599830661082140672,1670264331000.0,2022-12-05 18:18:51,+0000,,ุบุฒูุฉ: ุฏูุงุนู ูุฏูููู ุชููุตู ุญุชู ุงูุณูุงูู!  https://t.co/1QqOlUxYg3,ar,[],[],984362710681911298,984362710681911298,MetrasWebsite,ูุชุฑุงุณ - Metras,1,18,https://twitter.com/MetrasWebsite/status/1599830676856967169,[],"['https://pbs.twimg.com/media/FjO9g2HXwAYmIxT.jpg', 'https://pbs.twimg.com/media/FjO9g2MXwAw0OAG.jpg', 'https://pbs.twimg.com/media/FjO9g2IXwA8LSaH.jpg', 'https://pbs.twimg.com/media/FjO9g05XwAI41Vg.jpg']",1,https://pbs.twimg.com/media/FjO9g2HXwAYmIxT.jpg,False,1,1,1,,ุบุฒุฉ,,,,,,,[],,,,
35,1599830634486464512,1599830634486464512,1670264321000.0,2022-12-05 18:18:41,+0000,,ุฅุฐุง ุญู ุงูููู ูุงุดุชุฏุช ุณูุงุฏูุงุ ูุนูู ุฃู ููุฑ ุงูุตุจุงุญ ูุฑูุจ.   ุงูููู ูู ูุฑุจ ุงุฎูุงููุง ูู ุบุฒุฉ - ุฃุฑุถ ุงูุนุฒุฉ. ุฅุตุจุฑูุง ูุง ุฃูู ููุณุทูู ูุงู ูุตุฑ ุงููู ูุฑูุจ,ar,[],[],602262125,602262125,biddeyare,Abdulrahman Ahmed,1,18,https://twitter.com/biddeyare/status/1599830634486464512,[],[],0,,False,0,0,0,,ุบุฒุฉ,,,,,,,[],,,,
36,1599830440935768065,1599830440935768065,1670264275000.0,2022-12-05 18:17:55,+0000,,15 ุญุงูุฉ ุงุนุชูุงู ูู ูุทุงุน ุบุฒุฉ ุฎูุงู ููููุจุฑ ุงููุงุถู   https://t.co/gKwOL5Cq2B  https://t.co/1pGY2GprtO,ar,[],[],1406297013973663745,1406297013973663745,G7TW2l2ViQt5eQN,ุงูุฑุงูุฉ ูููุฒ,1,18,https://twitter.com/G7TW2l2ViQt5eQN/status/1599830440935768065,['https://www.alraya.news/?p=70164'],['https://pbs.twimg.com/media/FjO9TObXwAsmEo9.jpg'],1,https://pbs.twimg.com/media/FjO9TObXwAsmEo9.jpg,False,0,0,0,,ุบุฒุฉ,,,,,,,[],,,,
37,1599830348057047041,1599779584576491520,1670264253000.0,2022-12-05 18:17:33,+0000,,@SalehZighari ุจุชุณุชูุจู ุน ุฑุงุณูุง,ar,[],[],1430788598467604480,1430788598467604480,BcV4o,ุบุฒุฉ,1,18,https://twitter.com/BcV4o/status/1599830348057047041,[],[],0,,False,0,0,0,,ุบุฒุฉ,,,,,,,"[{'screen_name': 'SalehZighari', 'name': 'Saleh Zighari', 'id': '1269556469638270976'}]",,,,
38,1599830314397974532,1599830314397974532,1670264245000.0,2022-12-05 18:17:25,+0000,,๐๐ฏ๐ด ุจูุงุนูู ุงููุงุฒ ุจูู ูุฑูุธุฉ ุฅุจู ุณููุงู ุฃุจู ููุดุงุฑ ูุงูุฅูุงุฑุงุช ุงูุนุจุฑูุฉ ุณูููุงููุตูุงููุฉ ูุฅููุงุก ูฆููุงุจู ููููุฉ ุนูู ุบุฒุฉ ูุงุดู ุฌุฏู ูุงุชุญ ููุฉ ุจุณููุฉ ุณูุฏูุฑุงูุตูุงููุฉ ุณูุญุฑุฑุงูุญุฌุงุฒ ููุณุทูู ุญุฏูุฏูกูฉูกูง ูุงุจูุชูุณู ุซูุฑุฉ๐ ุดู ููุณุนูุฏูุฉ.. ุชุญููู: ูุญูุฏ ุจู ุณููุงู ูุทูุญ ูุฏูุฑ ูู ููุงุฏุฉ ุงูุดุฑู ุงูุฃูุณุท  https://t.co/H3jOkk3Lq0,ar,[],[],1213130073538039808,1213130073538039808,elkhalayley,Elkhalayley,1,18,https://twitter.com/elkhalayley/status/1599830314397974532,['https://www.alhurra.com/saudi-arabia/2022/12/04/%D8%B2%D9%8A%D8%A7%D8%B1%D8%A9-%D8%B4%D9%8A-%D9%84%D9%84%D8%B3%D8%B9%D9%88%D8%AF%D9%8A%D8%A9-%D8%AA%D8%AD%D9%84%D9%8A%D9%84-%D9%85%D8%AD%D9%85%D8%AF-%D8%A8%D9%86-%D8%B3%D9%84%D9%85%D8%A7%D9%86-%D9%8A%D8%B7%D9%85%D8%AD-%D9%84%D8%AF%D9%88%D8%B1-%D9%81%D9%8A-%D9%82%D9%8A%D8%A7%D8%AF%D8%A9-%D8%A7%D9%84%D8%B4%D8%B1%D9%82-%D8%A7%D9%84%D8%A3%D9%88%D8%B3%D8%B7'],[],0,,False,0,0,0,,ุบุฒุฉ,,,,,,,[],,,,
39,1599830259800494085,1599830259800494085,1670264232000.0,2022-12-05 18:17:12,+0000,,ุบุฒุฉ ุงูุฌูููุฉ,ar,[],[],1555519663819350018,1555519663819350018,ibrahimshq,ุงุจุฑุงููู ุณูููุงู ๐ต๐ธ,1,18,https://twitter.com/ibrahimshq/status/1599830259800494085,[],[],0,,False,0,0,0,https://twitter.com/DrHaniAlDali/status/1599606358571069440,ุบุฒุฉ,,,,,,,[],,,,
40,1599830179068551168,1599413147357437952,1670264212000.0,2022-12-05 18:16:52,+0000,,@n_a_i_f_15 @ElSafadi @hodajannat @ouamoussi ุงูุงุญุตุงุฆูุฉ ูุฐู ูู ุงูุถูุฉ ุงูุบุฑุจูุฉ ุบูุงุก ุงูุฃุณุนุงุฑ ูููุง ุถุฎู ุฌุฏุง ุุนูู ุงูุนูุณ ุบุฒุฉ ูุณุจุฉ ุงูุจุทุงูุฉ ูููุง ุฃูุซุฑ ูู 70%  ุงูุนุงูู ูู ุบุฒุฉ ููููุชู ูู ุงุญุณู ุงูุฃุญูุงู 5 ุฏููุงุฑ,ar,[],[],1425378248469405710,1425378248469405710,MAAhmed_PS,M.A Ahmed ๐ต๐ธ,1,18,https://twitter.com/MAAhmed_PS/status/1599830179068551168,[],[],0,,False,0,0,0,,ุบุฒุฉ,,,,,,,"[{'screen_name': 'n_a_i_f_15', 'name': 'naif', 'id': '1445829753169137665'}, {'screen_name': 'ElSafadi', 'name': 'ุฑูุฒู ุงูุตูุฏู#freegaza', 'id': '90413071'}, {'screen_name': 'hodajannat', 'name': 'Hoda_jannat', 'id': '1321185301893685248'}, {'screen_name': 'ouamoussi', 'name': 'Mohamed Ouamoussi ูุญูุฏ ูุงููุณู', 'id': '53356946'}]",,,,
41,1599830164086538240,1599830164086538240,1670264209000.0,2022-12-05 18:16:49,+0000,,#ุญูุง$ ุชุนูู ุดุนุงุฑ ุงูุทูุงูุชูุง ุงู 35ุ ุชุญุช ุนููุงูุ( ูุญู ุงููุฏ...ุณ .. ุขุชูู ุจุทู..ูุงู ูุงุฏุฑ) ุงูุทููุงู ุดูููุงู ูุงููุงุณ ุจุชูุงุฌุฑ ูู ุบุฒุฉ ุจุณุจุจ ุงูุธูู ูุงูููุฑ ูุงูููุฑ  ุงูุทููุงู ุดูููุงู ููู ุจููุณุญ ุนุงุฆูุงุช ูุงููุฉ ูู ุงูุณุฌู ุงููุฏูู  ุงูุทููุงู ุดูููุงู  ุงูู ุฎูู ุงููุงุณ ุชุชุฑุฌู ูุชุญูู ูุทูุนููู ุชุตุฑูุญ ุนูู ูู ุงุณุฑุงุฆูู,ar,['ุญูุง'],[],1445113270600351755,1445113270600351755,mohbassam100,moh bassam,1,18,https://twitter.com/mohbassam100/status/1599830164086538240,[],[],0,,False,0,0,0,,ุบุฒุฉ,,,,,,,[],,,,
42,1599829933739892737,1565086456343052288,1670264154000.0,2022-12-05 18:15:54,+0000,,@hsnhsnn10 ุงุจุนุช ุฎุงุต,ar,[],[],1599760060086902784,1599760060086902784,mobadlgazaa,mobadl ุบุฒุฉ,1,18,https://twitter.com/mobadlgazaa/status/1599829933739892737,[],[],0,,False,0,0,0,,ุบุฒุฉ,,,,,,,"[{'screen_name': 'hsnhsnn10', 'name': 'ุญุณู ุญุณูู', 'id': '1526987757977059328'}]",,,,
43,1599829870447845376,1599829870447845376,1670264139000.0,2022-12-05 18:15:39,+0000,,ุณูุฑู ุณูุฑู ูุง ุญูุงุณ ุฃุฑุนุจุชู ุงููุนููุฑุฉ   #ุญูุงุณ_35  #ูุญู_ุงููุฏุณ_ุงุชูู_ุจุทููุงู_ูุงุฏุฑ   #ูุฑูู_ูุฌุงูุฏูู  https://t.co/5DaW1H3vdE,ar,"['ุญูุงุณ_35', 'ูุญู_ุงููุฏุณ_ุงุชูู_ุจุทููุงู_ูุงุฏุฑ', 'ูุฑูู_ูุฌุงูุฏูู']",[],1333106958048632836,1333106958048632836,belal_abn_Gaza,{ุจููููุงููู_ุฃุจู_ุบูููููููููุฒูุฉู}๐ท ๐ต๐ธโ๐ป๐,1,18,https://twitter.com/belal_abn_Gaza/status/1599829870447845376,[],[],1,https://pbs.twimg.com/ext_tw_video_thumb/1599825208210341888/pu/img/YsxzslvpbKduFRRk.jpg,False,2,0,2,,ุบุฒุฉ,,,,,,,[],,,,
44,1599829464870834177,1599675234835013632,1670264042000.0,2022-12-05 18:14:02,+0000,,@ilahsad99 ุบุฒู ุง ูุง ุฎูุฏุดูู ุนุฑุจุฏู ุจฺฉุดู,fa,[],[],1508792359009542148,1508792359009542148,ayda1366,Dr.ayda,1,18,https://twitter.com/ayda1366/status/1599829464870834177,[],[],0,,False,1,1,0,,ุบุฒุฉ,,,,,,,"[{'screen_name': 'ilahsad99', 'name': 'ุฏุงุดูููู', 'id': '1549005574033080321'}]",,,,
45,1599829267063263232,1599829267063263232,1670263995000.0,2022-12-05 18:13:15,+0000,,๐ ุงูุนูู ุงููุฏุงุฆู ูู ูุจูุงู ูุฏูุฑ ุงูุฌุจูุฉ ุงูุดุนุจูุฉ ููู..  โญ ุงูููุงุฏูุฉ ูู ุงูุฌุจูุฉ ุงูุดุนุจูุฉ ูุชุญุฑูุฑ ููุณุทูู ุฏ. ูุฑูู ุฃุจู ุฏูุฉุ ูู ุญุฏูุซ ูุฅุฐุงุนุฉ ุตูุช ุงูุดุนุจุ ูู ุฐูุฑู ุงูุงูุทูุงูุฉ ุงูู 55:   https://t.co/HH7nI6xecs,ar,[],[],1355599881843462146,1355599881843462146,shaabradio,ุฅุฐุงุนุฉ ุตูุช ุงูุดุนุจ - ุบุฒุฉ,1,18,https://twitter.com/shaabradio/status/1599829267063263232,['https://t.me/shaabvoice/65618'],[],0,,False,1,0,0,,ุบุฒุฉ,,,,,,,[],,,,
46,1599829225501954050,1599829225501954050,1670263985000.0,2022-12-05 18:13:05,+0000,,#ุบุฒุฉ_ุชุญุช_ุงููุตู,qht,['ุบุฒุฉ_ุชุญุช_ุงููุตู'],[],1586058632067694597,1586058632067694597,mahmoud34573737,mahmoud elnokrashy,1,18,https://twitter.com/mahmoud34573737/status/1599829225501954050,[],[],0,,False,0,0,0,,ุบุฒุฉ,,,,,,,[],,,,
47,1599829201523122176,1599816005361881088,1670263979000.0,2022-12-05 18:12:59,+0000,,@AbwjhadAlblwy @saloseb203 ููุณู ุงุดูู ุงูุชุนููู  ๐๐๐  https://t.co/3TrS9e8iZ5,ar,[],[],1489494697873657858,1489494697873657858,ayad_ayad0,ูุถุงู ุงุจูุนูุงุฏ - ุบุฒุฉ,1,18,https://twitter.com/ayad_ayad0/status/1599829201523122176,[],['https://pbs.twimg.com/media/FjO8LVXXwAIHhGM.jpg'],1,https://pbs.twimg.com/media/FjO8LVXXwAIHhGM.jpg,False,1,1,0,,ุบุฒุฉ,,,,,,,"[{'screen_name': 'AbwjhadAlblwy', 'name': 'ุนุชูุฉ ุงูููู', 'id': '1571385428971749377'}, {'screen_name': 'saloseb203', 'name': '๐ุงู ุงูููู๐ ุงูููุฏู', 'id': '1456301790165602311'}]",,,,
48,1599828829966462976,1599828829966462976,1670263891000.0,2022-12-05 18:11:31,+0000,,ูุง ุฑุจ ูุตุฑู #ุบุฒู_ุชุญุช_ุงููุตู  https://t.co/Fu4oEreVhx,ar,['ุบุฒู_ุชุญุช_ุงููุตู'],[],1483058560166764545,1483058560166764545,ajasraaf,sHarf Ali,1,18,https://twitter.com/ajasraaf/status/1599828829966462976,[],['https://pbs.twimg.com/media/FjO71nPXwAkMyj6.jpg'],1,https://pbs.twimg.com/media/FjO71nPXwAkMyj6.jpg,False,0,0,0,,ุบุฒุฉ,,,,,,,[],,,,
49,1599828811721232385,1599828811721232385,1670263886000.0,2022-12-05 18:11:26,+0000,,"ุฑุณุงูุฉ ุงููุณุงุก..  ""ุงูุจูููุง ููุง ูุญูุ ุฃู ุงุชุฑูููุง ููุง ูุญูุ ููุง ุฃูุชู ุชููููู ุญู ุชุนุฏูููุงุ ููุง ูุญู ูููู ุฑุบุจุฉ ุงูุชุจุฑูุฑ""!  - ูุฌูุจ ูุญููุธ..",ar,[],[],2169865092,2169865092,ebaraka1,ุฅููููุงูู ููุญููููุฏ ุจูุฑูููุฉ |ุบุฒูุฉ๐ต๐ธ,1,18,https://twitter.com/ebaraka1/status/1599828811721232385,[],[],0,,False,9,0,0,,ุบุฒุฉ,,,,,,,[],,,,
50,1599828647162310657,1599675234835013632,1670263847000.0,2022-12-05 18:10:47,+0000,,@ilahsad99 ูุงูุนุง ุบุฒู ูุดฺฉู ุฎูุฏุดู ุงุฌุฏุงุฏุด ฺฉุดูุฑ ูุฑูุฎุชู ู ุฎูุฑุฏู ูุง ุชู ฺฉุดูุฑ ุฎูุฏููู ูุฑฺฉุงุฑ ุจูุฏู ุจุงูุงููู ฺฉุฑุฏู  ุฏฺฏู ูุฑฺฏ ูฺ ุฌุง ุฏูุง ูุงุฑุงุญุช ูฺฺฉุณ ุฌุฒ ูููุทูู ูุงุฑุงุญุชู ููฺฉูู ฺูู ูุง ุฑุดู ุชู ู ุฎุงฺฉ ุฏุงุฑู #ููุณุง_ุงูู,fa,['ููุณุง_ุงูู'],[],1584131217078853633,1584131217078853633,rahavard65,ุฑูุงููุฑุฏโ(ูุฑุงุฎูุงูฑถ.ฑต.ฑดุขุฐุฑ),1,18,https://twitter.com/rahavard65/status/1599828647162310657,[],[],0,,False,1,1,0,,ุบุฒุฉ,,,,,,,"[{'screen_name': 'ilahsad99', 'name': 'ุฏุงุดูููู', 'id': '1549005574033080321'}]",,,,
51,1599828494388645888,1599828494388645888,1670263811000.0,2022-12-05 18:10:11,+0000,,ุฃุญูู ุดู ูู ุบุฒุฉุ ุงูู ูู ูุงุญุฏ ุจุญุจ ุงูุฎูุฑ ููุชุงูู ููุฎุฎ,ar,[],[],901742894113058816,901742894113058816,os_25_al,osama alnjjar,1,18,https://twitter.com/os_25_al/status/1599828494388645888,[],[],0,,False,1,0,0,,ุบุฒุฉ,,,,,,,[],,,,
52,1599828028372430848,1599828028372430848,1670263699000.0,2022-12-05 18:08:19,+0000,,ูุชููููุขุงุจุนุฉ  ุชุญููู ููุซู ูููุฎูุถ ูุทูุฑุงู ุงูุฅุณุชุทูุงุน ุงูุตููููู ูู ุนููู ุงุฌูุงุก ูุทุงุน ุบูููููุฒุฉ  ูุชููู ุงูุณูุงูู ููุฌููุน...  https://t.co/MRtv16zPJI,ar,[],[],4451460515,4451460515,arafatt10,โฆโ๏ธโฉ{ุฃุจู๐ฅููุณููู๐ฅููููููุทููโฆโ๏ธโฉ,1,18,https://twitter.com/arafatt10/status/1599828028372430848,[],['https://pbs.twimg.com/media/FjO7HQ1XwAcsSUq.jpg'],1,https://pbs.twimg.com/media/FjO7HQ1XwAcsSUq.jpg,False,1,0,1,,ุบุฒุฉ,,,,,,,[],,,,
53,1599827889645441024,1599827889645441024,1670263666000.0,2022-12-05 18:07:46,+0000,,ุงูุฃูู ุงููุชุญุฏุฉ ุชูุถุญ ุญูููุฉ ุชุฑููู 300 ูุงุฑุจ ุตูุฏ ุจุบุฒุฉ ุงูุชูุงุตูู:  https://t.co/jCTXd002rJ #ุบุฒุฉ #ุนุงุฌู #ููุณุทูู,ar,"['ุบุฒุฉ', 'ุนุงุฌู', 'ููุณุทูู']",[],1507865060328284161,1507865060328284161,PalNewsOnline1,ุนุงุฌู ููุณุทูู,1,18,https://twitter.com/PalNewsOnline1/status/1599827889645441024,['http://palnews.online/a/957/'],[],0,,False,0,0,0,,ุบุฒุฉ,,,,,,,[],,,,
54,1599827649769009153,1599827649769009153,1670263609000.0,2022-12-05 18:06:49,+0000,,ูุญู ุนูู ุงูุณุชุบุฑุงู ุงูุขู ๐ต๐ธ... ุชุงุจุนูุง ููุง   https://t.co/3l2TrjuPeV,ar,[],[],1393670201883889665,1393670201883889665,GazaNownews,ุบุฒุฉ ุงูุขู - Gaza Now,1,18,https://twitter.com/GazaNownews/status/1599827649769009153,['https://www.instagram.com/gazanow'],[],0,,False,8,0,2,,ุบุฒุฉ,,,,,,,[],,,,
55,1599827591606652928,1599675234835013632,1670263595000.0,2022-12-05 18:06:35,+0000,,@ilahsad99 ุบุฒู ุจุง ูุงฺู ุฌูููุง ุฎูุฏูููู ฺฉูุฑ ฺฉุฑุฏุฏ ุจ ูุงููุณุง ฺฉุดุชุฏ ุฌูุงุฒู ูุงุฑู ุฏุฒุฏุฏุฏ ุงุฒ ฺ ุจฺฏู ฺฉู ุฏูููู ุฎููู ู ุจุฑุง ุฎูุฏููู ูุณูุฒู #ููุณุง_ุงูู,fa,['ููุณุง_ุงูู'],[],1584131217078853633,1584131217078853633,rahavard65,ุฑูุงููุฑุฏโ(ูุฑุงุฎูุงูฑถ.ฑต.ฑดุขุฐุฑ),1,18,https://twitter.com/rahavard65/status/1599827591606652928,[],[],0,,False,1,1,0,,ุบุฒุฉ,,,,,,,"[{'screen_name': 'ilahsad99', 'name': 'ุฏุงุดูููู', 'id': '1549005574033080321'}]",,,,
56,1599827357858025472,1599826185189347330,1670263540000.0,2022-12-05 18:05:40,+0000,,@sulimanalagah ุจุญูู ูู ูุซูุฑ ููุฑูุณุงุช ููุชุดุฑุฉ ูุงุฏ ุงููุชุฑุฉ ุจุชุดุจู ุงุนุฑุงุถ ุงูุงูููููุฒุง ูุงูููุฑููุง,ar,[],[],889263812347604997,889263812347604997,Muhannadkh98,ุฃุจู ุงูููููููุฏ- ุบุฒุฉ ๐ต๐ธ๐ง๐ท,1,18,https://twitter.com/Muhannadkh98/status/1599827357858025472,[],[],0,,False,1,0,0,,ุบุฒุฉ,,,,,,,"[{'screen_name': 'sulimanalagah', 'name': 'ุณููููุงูู ุงูุฃุบุง โข๏ธ', 'id': '614383108'}]",,,,
57,1599827266225086464,1599823101994246145,1670263518000.0,2022-12-05 18:05:18,+0000,,ุนูุดุงู ููู ุนูุฑูุง ูุง ููุฌูุฏ ูุดููุฑ ููุง ูุฎูููู ูุฏูุฉ .. ูุชุญุฑุด ุ ูุบุชุตุจ ุ ููู.ูู..ููุจ ุดูุฑุฉ ุนูู ุญุณุงุจ ุฃุทูุงู ุบุฒุฉ   #ุงูุณู_ูุทุจุน #ุตุงูุญ_ุฒุบุงุฑู #ุงูุชุทุจูุน_ุฎูุงูุฉ  https://t.co/VVWy4aWCG1,ar,"['ุงูุณู_ูุทุจุน', 'ุตุงูุญ_ุฒุบุงุฑู', 'ุงูุชุทุจูุน_ุฎูุงูุฉ']",[],1539038856330215425,1539038856330215425,gazaPal1948,๏ฎผุฃุญูุฏูุฏุณุุงูููุุณุฑู ๐ต๐ธ ๐โ,1,18,https://twitter.com/gazaPal1948/status/1599827266225086464,[],['https://pbs.twimg.com/media/FjO6auFWQAEFuAX.jpg'],1,https://pbs.twimg.com/media/FjO6auFWQAEFuAX.jpg,False,2,0,0,,ุบุฒุฉ,,,,,,,[],,,,
58,1599826960422608896,1599675234835013632,1670263445000.0,2022-12-05 18:04:05,+0000,,@ilahsad99 ุบุฒู ุฑู ูู ุฌโุง ุจู ุงู ุฑูุฒ ุขูุฑุฏู ุจุง ุญูุงุชูุงุด #IranRevolution2022 #ููุณุง_ุงูู  #OpIran,fa,"['iranrevolution2022', 'ููุณุง_ุงูู', 'opiran']",[],1577313219110223872,1577313219110223872,ArwenLordRings,Arwen,1,18,https://twitter.com/ArwenLordRings/status/1599826960422608896,[],[],0,,False,2,1,0,,ุบุฒุฉ,,,,,,,"[{'screen_name': 'ilahsad99', 'name': 'ุฏุงุดูููู', 'id': '1549005574033080321'}]",,,,
59,1599826597606924288,1599826597606924288,1670263358000.0,2022-12-05 18:02:38,+0000,,ุงูุนูู ุงููุฏุงุฆู ูู ูุจูุงู ูุฏูุฑ ุงูุฌุจูุฉ ุงูุดุนุจูุฉ ููู.. ุญููุฉ ุฎุงุตุฉ ูู ุงูุฐูุฑู ุงูู 55 ูุงูุทูุงูุฉ ุงูุฌุจูุฉ ุงูุดุนุจูุฉ ูุชุญุฑูุฑ ููุณุทูู   https://t.co/wXBBMUp9DT  #ุงุฐุงุนุฉ_ุตูุช_ุงูุดุนุจ 106fm,ar,['ุงุฐุงุนุฉ_ุตูุช_ุงูุดุนุจ'],[],1355599881843462146,1355599881843462146,shaabradio,ุฅุฐุงุนุฉ ุตูุช ุงูุดุนุจ - ุบุฒุฉ,1,18,https://twitter.com/shaabradio/status/1599826597606924288,['https://fb.watch/hdWVBdJK5f/'],[],0,,False,0,0,0,,ุบุฒุฉ,,,,,,,[],,,,
60,1599826185189347330,1599826185189347330,1670263260000.0,2022-12-05 18:01:00,+0000,,ูู ููุฑููุง ุจุณ ุจุฏูุนููุง ุงูููููุฒุง,ar,[],[],889263812347604997,889263812347604997,Muhannadkh98,ุฃุจู ุงูููููููุฏ- ุบุฒุฉ ๐ต๐ธ๐ง๐ท,1,18,https://twitter.com/Muhannadkh98/status/1599826185189347330,[],[],0,,False,0,2,0,,ุบุฒุฉ,,,,,,,[],,,,
61,1599826166751207425,1599711965332791296,1670263256000.0,2022-12-05 18:00:56,+0000,,@abonaseer_1111 ุทุจุนุง ุงุฎุชุฑุงุนู ุงููุฐุจุฉ ุ,ar,[],[],727053386789601280,727053386789601280,MoamarAbu,Abu Anas โ๏ธูู ุบุฒุฉ ุงููุญุงุตุฑุฉโ๏ธ,1,18,https://twitter.com/MoamarAbu/status/1599826166751207425,[],[],0,,False,0,0,0,,ุบุฒุฉ,,,,,,,"[{'screen_name': 'abonaseer_1111', 'name': 'ุงุจู ูุงุตุฑ ๐ถ๐ฆ', 'id': '1501884329831636994'}]",,,,
62,1599825937780047874,1599825937780047874,1670263201000.0,2022-12-05 18:00:01,+0000,,ุงุณุฑุงุฆู ู ุบุฒ ฺฉ ูพูน ูพุฑ ูุญุดุงู ุจูุจุงุฑ ฺฉุฑ ฺฉ 5 ุณุงู ุจฺ ุณูุช 8 ููุณุทููฺบ ฺฉู ุดุฏ ฺฉุฑ ุฏุง  Readmore: https://t.co/AZWZmLnUca #Israel #phalastine #GazaCity  https://t.co/Jnx5i8hWwo,ur,"['israel', 'phalastine', 'gazacity']",[],805693014412763136,805693014412763136,aajdigital,AAJ Digital,1,18,https://twitter.com/aajdigital/status/1599825937780047874,['https://www.dailyaaj.com.pk/news/67955'],['https://pbs.twimg.com/media/FjOwLf3XgAE_--A.jpg'],1,https://pbs.twimg.com/media/FjOwLf3XgAE_--A.jpg,False,0,0,0,,ุบุฒุฉ,,,,,,,[],,,,
63,1599825933170450432,1599825933170450432,1670263200000.0,2022-12-05 18:00:00,+0000,,ุดุงูุฏ | ุฃูู ุชุฐูุจ ุงูููุงุฏ ุงููุฎุฏุฑุฉ ุงูุชู ูุชู ุถุจุทูุง ูู ุบุฒุฉุ  ุงูููุชุจ ุงูุฅุนูุงูู ูุฒุงุฑุฉ ุงูุฏุงุฎููุฉ ูุงูุฃูู ุงููุทูู  #ุบุฒุฉ #ููุณุทูู #Gaza #Palestinian  https://t.co/Xs4okBsb00,ar,"['ุบุฒุฉ', 'ููุณุทูู', 'gaza', 'palestinian']",[],145277701,145277701,moigovps,ูุฒุงุฑุฉ ุงูุฏุงุฎููุฉ ุงูููุณุทูููุฉ,1,18,https://twitter.com/moigovps/status/1599825933170450432,[],[],1,https://pbs.twimg.com/amplify_video_thumb/1599360019027238913/img/Yhl-txBM7TvP8yCs.jpg,False,2,0,0,,ุบุฒุฉ,,,,,,,[],,,,
64,1599825905685516288,1599353038845595648,1670263193000.0,2022-12-05 17:59:53,+0000,,@maimora95976278 ูู ุงูุณุจุน ุฃููู ูู ุบุฒุฉ,ar,[],[],908651718245847040,908651718245847040,Hussien_mostaf0,Hussien mostafa,1,17,https://twitter.com/Hussien_mostaf0/status/1599825905685516288,[],[],0,,False,0,0,0,,ุบุฒุฉ,,,,,,,"[{'screen_name': 'maimora95976278', 'name': 'mai-morad', 'id': '1401952662048886788'}]",,,,
65,1599825870885359616,1599825870885359616,1670263185000.0,2022-12-05 17:59:45,+0000,,ุณูุจุญุงูู ุงููููููุ ูุงูุญูุฏู ููููููุ ููุง ุฅูููู ุฅูููุง ุงููููููุ ูุงูููููู ุฃูููุจุฑูุ ููุง ุญูููู ููุง ููููุฉู ุฅูููุง ุจุงูููููู ุงูุนูููู ุงูุนุธููู - ุงูููููู ุงุบูุฑ ูู ู ุงุฑุญููู ุ ู ุนุงููู ุ ู ุงุฑุฒููู,ar,[],[],1489217415854571525,1489217415854571525,Noureddin1954,ูกูคูกูกูุฌุฑู๐ต๐ธููุฑุงูุฏูู ุบุฒุฉ #ุงููุฏุณ ููุฑุงูุฏูู๐ฉ๐ฟ,1,17,https://twitter.com/Noureddin1954/status/1599825870885359616,[],[],0,,False,0,0,0,,ุบุฒุฉ,,,,,,,[],,,,
66,1599825807521767425,1599825807521767425,1670263170000.0,2022-12-05 17:59:30,+0000,,ูู ุฃูุซุฑ ุงูุฃุดูุงุก ููู ูููู ุชูุฒููู! ุถุญูุงุช ุงูุดูุฏุงุก ูููุงููู ุ ุจุชุฎููู ุชุตูู ูุชุตูู ูุชุตูู ูุชูุชูุน ุฅูู ุงูุฏููุง ุขุฎุฑ ุดู ุงูููุฑูุถ ุชุญุงุฑุจ ุนุดุงูู ุ ูุฅูู ุงูุนูุด ุนูุด ุงูุขุฎุฑุฉ ููุท๐ฅบ. #ููุณุทูู #ุบุฒู_ุชูุงูู  #ุนุฑูู_ุงูุฃุณูุฏ  https://t.co/C2mSD8iALM,ar,"['ููุณุทูู', 'ุบุฒู_ุชูุงูู', 'ุนุฑูู_ุงูุฃุณูุฏ']",[],2680480417,2680480417,fatma_sleman,fatma sleman๐ต๐ธโค๏ธ๐ฉ๐ฟ๐๐ฑ๐ง๐งก๐ธ๐พ๐๐ฎ๐ถ๐๐ฎ๐ท,1,17,https://twitter.com/fatma_sleman/status/1599825807521767425,[],['https://pbs.twimg.com/media/FjO5F-5XkAEoYoM.jpg'],1,https://pbs.twimg.com/media/FjO5F-5XkAEoYoM.jpg,False,0,0,0,,ุบุฒุฉ,,,,,,,[],,,,
67,1599825784268410880,1599825784268410880,1670263164000.0,2022-12-05 17:59:24,+0000,,"""ุญุชู ุงูุทูุงูู ุงูุทุจูุฉ ูู ุชุณูู ูู ุฅุฌุฑุงููู""  ููุฏูู ูุงุณุชูุฏุงู ุทุงูู ุทุจู ุจุตูุงุฑูุฎ ุทุงุฆุฑุงุช ุงูุงุญุชูุงู ูู ููุทูุฉ ุงูุดุฌุงุนูุฉ ุดุฑู ูุฏููุฉ #ุบุฒุฉ ุฎูุงู ุงูุนุฏูุงู ุนุงู ูขููกูค  ููุณู ุ ูุง ูุง ููุณู  https://t.co/PAhMWb7qHS",ar,['ุบุฒุฉ'],[],1473900731765641217,1473900731765641217,OmaPalestine,ุนูุงูููู ุถุฏ ุงูุชุทุจูุน,1,17,https://twitter.com/OmaPalestine/status/1599825784268410880,[],[],1,https://pbs.twimg.com/ext_tw_video_thumb/1599825669382459397/pu/img/Ybd6V0H-OUckfM0o.jpg,False,17,1,8,,ุบุฒุฉ,,,,,,,[],,,,
68,1599825754778652673,1599825754778652673,1670263157000.0,2022-12-05 17:59:17,+0000,,โฝ๏ธ ูุฑูุงุชูุง ุชุชุบูุจ ุนูู ุงููุงุจุงู ุจุฑููุงุช ุงูุชุฑุฌูุญ ูุชุชุฃูู ุฅูู ุงูุฏูุฑ ุฑุจุน ุงูููุงุฆู ูู ูุฃุณ ุงูุนุงูู.,ar,[],[],1355599881843462146,1355599881843462146,shaabradio,ุฅุฐุงุนุฉ ุตูุช ุงูุดุนุจ - ุบุฒุฉ,1,17,https://twitter.com/shaabradio/status/1599825754778652673,[],[],0,,False,2,0,0,,ุบุฒุฉ,,,,,,,[],,,,
69,1599825718392676353,1599797694851338246,1670263149000.0,2022-12-05 17:59:09,+0000,,@vitwi101020 @alendales ุญูุงุณ ู ุญุฒุจ ุงููู ูุฑ ุฏู ูุฑููุง ุชุญุช ูุฑูุงูุฏู ุงุฑุงู ูุณุชูุฏ  ูุฑุงููุด ูฺฉูุฏ ููุณุทู ุชูุณุท ุงุณุฑุงุฆู ุบุตุจ ุดุฏู ุงุณุช ุ ุงู ููุด ูพุฑ ุณุฑูุตุฏุง ุญูุงุณ ุฏุฑ ุบุฒู ุงุชูุงู ูุณุช  ุฏุฑ ูุงูุน ุญูุงุณ ู ุญุฒุจ ุงููู ุจุตูุฑุช ููุงููฺฏ ุนูู ู ฺฉููุฏ ุ ูุฑฺฏุฒ ูู ุชูุงู ุงู ุฏู ุฑุง ุงุฒ ฺฉุฏฺฏุฑ ูุฌุฒุง ุฏุฏ,fa,[],[],1105798016655650817,1105798016655650817,MohammadKianme1,Mohammad Kianmehr,1,17,https://twitter.com/MohammadKianme1/status/1599825718392676353,[],[],0,,False,1,1,0,,ุบุฒุฉ,,,,,,,"[{'screen_name': 'vitwi101020', 'name': 'ะะธ', 'id': '1588087049265070080'}, {'screen_name': 'alendales', 'name': 'ะะปะตะบัะฐะฝะดั ะจะฐัะฐะปะพะฒ', 'id': '188129785'}]",,,,
70,1599825698486595586,1599795049226592257,1670263144000.0,2022-12-05 17:59:04,+0000,,@MohamdNashwan ุญุณุจ ุนููู ููุงู ูู ูุทุงุน ุบุฒุฉ ุงูุชุฒุงู ุฏููู ุฅูู ุญุฏ ูุจูุฑ!,ar,[],[],3407072417,3407072417,zc_oundia1982,ูุงุณุฑ | Yasser,1,17,https://twitter.com/zc_oundia1982/status/1599825698486595586,[],[],0,,False,0,0,0,,ุบุฒุฉ,,,,,,,"[{'screen_name': 'MohamdNashwan', 'name': 'ูุญูุฏ ุณุนูุฏ ูุดูุงู #ุบุฒุฉ', 'id': '164753226'}]",,,,
71,1599825248689717248,1599825248689717248,1670263037000.0,2022-12-05 17:57:17,+0000,,"ุงูุทููุฉ ุงูููุณุทูููุฉ ""ุญูุฑ"" ูู ุบุฒุฉ , ุฐูุจุช ุฅูู ุงููุฏุณ ูุชููู ุงูุนูุงุฌ , ูุงูููู ุชุฎุทู ุฃูู ุฎุทูุงุชูุง ุฏุงุฎู ุจุงุญุงุช ุงููุณุฌุฏ ุงูุฃูุตู ุงููุจุงุฑู . ๐ต๐ธ  https://t.co/BcltVF2482",ar,[],[],1570057457279410178,1570057457279410178,TheGhostJapan1,TheGhostKamikaze๐ฏ๐ตโ๏ธ We Are Legiรณn. #Anonymous๐,1,17,https://twitter.com/TheGhostJapan1/status/1599825248689717248,[],['https://pbs.twimg.com/media/FjO4lXqXwAoeOXC.jpg'],1,https://pbs.twimg.com/media/FjO4lXqXwAoeOXC.jpg,False,2,0,0,,ุบุฒุฉ,,,,,,,[],,,,
72,1599824934506987521,1599824934506987521,1670262962000.0,2022-12-05 17:56:02,+0000,,โญ ุงูุฌุจูุฉ ุงูุดุนุจูุฉ ุชุนูู ูุณุคูููุชูุง ุนู ุฅููุงุก ุนุจูุงุช ูุชูุฌุฑุฉ ุชุฌุงู ุฌููุฏ ุงูุงุญุชูุงู   https://t.co/AHJyl8reAl,ar,[],[],1355599881843462146,1355599881843462146,shaabradio,ุฅุฐุงุนุฉ ุตูุช ุงูุดุนุจ - ุบุฒุฉ,1,17,https://twitter.com/shaabradio/status/1599824934506987521,['https://shaabradio.ps/post/49000/'],[],0,,False,1,0,0,,ุบุฒุฉ,,,,,,,[],,,,
73,1599824895826751489,1599824895826751489,1670262953000.0,2022-12-05 17:55:53,+0000,,โญ๏ธุงูุฅุนูุงู ุงูุนุจุฑู: ุงุนุชูุงู ุฃุญุฏ ุณูุงู ูู ูุฏููุฉ ุงูุฎููู.,ar,[],[],1355599881843462146,1355599881843462146,shaabradio,ุฅุฐุงุนุฉ ุตูุช ุงูุดุนุจ - ุบุฒุฉ,1,17,https://twitter.com/shaabradio/status/1599824895826751489,[],[],0,,False,0,0,0,,ุบุฒุฉ,,,,,,,[],,,,
74,1599824876537532416,1599824876537532416,1670262948000.0,2022-12-05 17:55:48,+0000,,โญ๏ธุนุงุฌู |  ุงูุฏูุงุน ููุงุฌูุงุช ูุน ููุงุช ุงูุงุญุชูุงู ุนูู ูุฏุฎู ุจูุฏุฉ ุฃูุตุฑูู ุฌููุจ ูุงุจูุณ.,ar,[],[],1355599881843462146,1355599881843462146,shaabradio,ุฅุฐุงุนุฉ ุตูุช ุงูุดุนุจ - ุบุฒุฉ,1,17,https://twitter.com/shaabradio/status/1599824876537532416,[],[],0,,False,0,0,0,,ุบุฒุฉ,,,,,,,[],,,,
75,1599824566389379072,1599675234835013632,1670262874000.0,2022-12-05 17:54:34,+0000,,@cub2br ุนุฒุฒุฺฉุดูุฑุง ฺฉู ุตุฏุง ูุงุจูุฏู ุฎูุฏุดูู ุฏุฑฺฏุฑูุจูุฏู ุจุงฺฉุณุูุงุจุงูุดฺฉูุงุช ุฎูุฏููู ุฏุฑฺฏุฑู ูููุช ุงู ูุณุช ฺฉู ุตุฏุง ุบุฒู ุจุงุดูุุจู ููุชุด ฺฉู ูุดฺฉู ุฎูุฏูููู ุญู ฺฉุฑุฏู ุจู ุฌุง ุงู ฺฉู ุตุฏุงุด ุจุงุดู ูุฑู ููุฑุณุชูุุงุตู ุฎูุฏู ุงููู ููุฑูุฑู ูู ูุนูุงูุดฺฉู ุบุฒูโุง ฺฉู ุฌูููุฑ ุงุณูุงู ูพุดุชุดู ูุดฺฉู ูุงูุณุช #ููุณุง_ุงูู,fa,['ููุณุง_ุงูู'],[],1549005574033080321,1549005574033080321,ilahsad99,ุฏุงุดูููู,1,17,https://twitter.com/ilahsad99/status/1599824566389379072,[],[],0,,False,1,1,0,,ุบุฒุฉ,,,,,,,"[{'screen_name': 'cub2br', 'name': 'MD', 'id': '1564793190485557248'}]",,,,
76,1599824530213437440,1599824530213437440,1670262865000.0,2022-12-05 17:54:25,+0000,,ุนููููุขุงุฌู  ุณูุงุก ูุทุงุน ุบุฒุฉ ุชุดูุฏ ุชุญููู ููุซู ูููุฎูุถ ูุดุชู ุฃููุงุน ุงูุทุงุฆุฑุงุช ุงูุญุฑุจูุฉ ูุงูุฅุณุชุทูุงุน ุงูุฅุณุชุฎุจุงุฑู ูุงููุญูู ุจุงูุฒุฎูุฑุฉ  ูุชููู ุงูุณูุงูู ููุฌููุน ุงูููู ูุตุฑู ุงูุฐู ูุนุฏุฉุนูู ุงููุณุชุนูุฑ ุงูุตูููููโ๏ธ๐ต๐ธโ๏ธ,ar,[],[],4451460515,4451460515,arafatt10,โฆโ๏ธโฉ{ุฃุจู๐ฅููุณููู๐ฅููููููุทููโฆโ๏ธโฉ,1,17,https://twitter.com/arafatt10/status/1599824530213437440,[],[],0,,False,1,0,1,,ุบุฒุฉ,,,,,,,[],,,,
77,1599824517307961344,1599824517307961344,1670262862000.0,2022-12-05 17:54:22,+0000,,ุนูุฏูุง ูููุฏ ุงูุณูููุฉ ุบูุฑ ุฑุจุงููุง ุชุชูู ูู ุงูุจุญุฑ ุจูู ุฃููุงุฌ ูุชูุงุทูุฉ ูููุฌุฌ ุณูุฏุงุก. * ูุถุงุฉ  #ุญูุงุณ ูู #ุบุฒุฉ ูู ุงุณุชุถุงูุฉ ุฌูุนูุฉ ูุณููุฉ ุชุฑูุฌ ูุญุฑูุฉ ุงููุฑุฃุฉ ูุณูุฏุงู !!  https://t.co/cWYn4jmy1g,ar,"['ุญูุงุณ', 'ุบุฒุฉ']",[],1234934442755411968,1234934442755411968,Mo7madvip,Mohammed,1,17,https://twitter.com/Mo7madvip/status/1599824517307961344,[],"['https://pbs.twimg.com/media/FjO36qbXwCQ0Iq_.jpg', 'https://pbs.twimg.com/media/FjO3633XoAAtAOT.jpg']",1,https://pbs.twimg.com/media/FjO36qbXwCQ0Iq_.jpg,False,0,0,1,,ุบุฒุฉ,,,,,,,[],,,,
78,1599824416489119745,1599824416489119745,1670262838000.0,2022-12-05 17:53:58,+0000,,",  #FreePalestine  #ุบุฒุฉ_ุชุญุช_ุงููุตู",qht,"['freepalestine', 'ุบุฒุฉ_ุชุญุช_ุงููุตู']",[],1549483029134880773,1549483029134880773,GeorgeHabashBot,George Habash,1,17,https://twitter.com/GeorgeHabashBot/status/1599824416489119745,[],[],0,,False,0,0,0,,ุบุฒุฉ,,,,,,,[],,,,
79,1599824397451161600,1599824397451161600,1670262834000.0,2022-12-05 17:53:54,+0000,,ูู ุจุงุฑูุณ ูู ูุงุฑุณ ูขููกูฉ ูุงุจูุช ุตุฏูุฉ ูุงุญุฏุฉ ูู ูุทุนู ูุงุชููููุง ุทูุนุช ุฅุณุฑุงุฆูููุฉ ูุงูุช ูู ุจุงูุญุฑู ุฃููุง ูู ุชุนูุฏ ููุนูุด ูู ุฅุณุฑุงุฆูู ูุฃููุง ูุง ุชุฑุถู ุนูุง ุชููู ุจู ุงูุณูุทุงุช ุงูุฅุณุฑุงุฆูููุฉ ุถุฏ ุงูููุณุทููููู ุงูุนุฒู ูุชุญุฏูุฏุง ูู ุบุฒุฉ ูู ุนูู ููุชู. ูุจูุง ุฃููุง ูุงุฏุฑุฉ ุนูู ุงูุนูุด ุฎุงุฑุฌ ุฅุณุฑุงุฆูู ูุณุชุจูู ุฎุงุฑุฌูุง.,ar,[],[],418731150,418731150,SawsanBashier,Sawsan Bashier ุณูุณู ุจุดูุฑ,1,17,https://twitter.com/SawsanBashier/status/1599824397451161600,[],[],0,,False,2,0,0,,ุบุฒุฉ,,,,,,,[],,,,
80,1599824389549490177,1599824389549490177,1670262832000.0,2022-12-05 17:53:52,+0000,,ูุตููุง ูุฒูู ุงููุงุณ ุชุนุชุจุฑ ุงูู ุงููุดุงุฑูุฉ ูู ูุคุชูุฑ ุชุทุจูุน  ุนูู ููุงูู ููุถุงูู   ุฅูู ุฃูู ุุ,ar,[],[],1515804424182054918,1515804424182054918,RajabQasem03,ุฑูุฌูุจ ๐ ุบุฒุฉ๐ต๐ธ,1,17,https://twitter.com/RajabQasem03/status/1599824389549490177,[],[],0,,False,20,3,0,,ุบุฒุฉ,,,,,,,[],,,,
81,1599824288533528576,1599687101481889792,1670262808000.0,2022-12-05 17:53:28,+0000,,@bdllhllyny16 @AHMAD_S_GARNI_ @bas_ksa_ ุจุตุฑุงุญู ุงูุช ุงูู ุชู ุฎุฏุงุนู ูู ุงูุงุนูุงู ุจุตุฑุงุญู ุงููููู ุงูู ุญุฏุซ ูู ุงููุณุงุฌุฏ ุญุฏุซ ูู ุบุฒู ุจุณุจุจ ุงู ุบุฒู ุชุณูุทุฑ ุนููู ุญูุงุณ ุงูู ูู ุชุงุจุนู ูุงูุฑุงู ู ุจุฑุถู ููู ุงูุงุนูุงู ูุง ูุชููู ุนู ุดุงุฑุน ุงูููู ููุตู ุงูู ูู ุงููุฏุณ ุ ุงู ุงูุตูุงู ุนูู ุฑูุญ ุงูููู ููุฏ ู ุงูููู ุนุจุฏุงููู ู ุญุชู ููุชูุง ุชู ุงููุงู ูู ูููุงุช ู ุชุดุบูู ูุฑุขู  https://t.co/NVUpIvlRgO,ar,[],[],1294139936191414272,1294139936191414272,Solitar62060085,Solitary ๐ ๐ต๐ธ,1,17,https://twitter.com/Solitar62060085/status/1599824288533528576,[],"['https://pbs.twimg.com/media/FjO3s4qXgAA9Tjw.jpg', 'https://pbs.twimg.com/media/FjO3tOjXwAIG8EE.jpg', 'https://pbs.twimg.com/media/FjO3ti8WAAELkdy.jpg']",1,https://pbs.twimg.com/media/FjO3s4qXgAA9Tjw.jpg,False,0,1,0,,ุบุฒุฉ,,,,,,,"[{'screen_name': 'bdllhllyny16', 'name': 'ุนุจุฏุงููู ุงููุฌูููู ุงููุญูุงูู', 'id': '1588205649443397640'}, {'screen_name': 'AHMAD_S_GARNI_', 'name': 'ุงุจูููุฑู', 'id': '1000875738'}, {'screen_name': 'bas_ksa_', 'name': 'Badr Al_Saadoun', 'id': '1253334884023562240'}]",,,,
82,1599824190202224640,1599824190202224640,1670262784000.0,2022-12-05 17:53:04,+0000,,ุงูุญู  ูู  ุชุญุฑูุฑ ูุงุฑุจ ูุนูุฏ ุฑุตุฏ ุงู  ุชุฏุฎู ููุทูุฑุงู ุงูุณุนูุฏู ุงุญุฑููุง ุฑุงุณ  ุชููุฑุฉ ุงูููุทู  ูุณุชูุชูู  ุงูุญุฑุจ ูุงูุญุตุงุฑ ููุฑุง ุงูุนุฏูุงู ูุฑุงูู ุนูู ุงูููุช  ููุฑูุฏ ูููุง ูุญุงุตุฑุง ูุซู ูุทุงุน ุบุฒุฉ ููุฏูุฉ  ุบุฒุฉ ูุงุฑูุญุงุก 27 ุณูุฉ ููู ุชุญุช  ุงูุญุตุงุฑ  ูุงููุนุงูุงู  ุฎูุฑุฉ ุงููู ุนูููู  ุงุณุญููุง ุฑุงุณ ุชููุฑุฉ ุงููุฌุงูุฏูู ูููุง ุงูุชุธุงุฑ,ar,[],[],1273701623471226883,1273701623471226883,aswar47950619,ุงููุฌุงูุฏ ุนุจุฏ ุงููู ุจู ุนุจุฏ ุงููู ุฌููู - ุงุจูุนูู,1,17,https://twitter.com/aswar47950619/status/1599824190202224640,[],[],0,,False,0,0,0,https://twitter.com/Moh_Alhouthi/status/1599504973687009280,ุบุฒุฉ,,,,,,,[],,,,
83,1599824149710790657,1599824149710790657,1670262775000.0,2022-12-05 17:52:55,+0000,,ูู ููุจุบุงุฉ ุจุฃููุง ุงูุฃุจุทุงู โ ูู ุจุฃููุง ููู ุงููุบู ุฒูุฒุงู ๐๐!. #ุญูุงุณ_35  #ูุญู_ุงููุฏุณ_ุงุชูู_ุจุทููุงู_ูุงุฏุฑ  #ูุฑูู_ูุฌุงูุฏูู  https://t.co/vI8uhvDjb0,ar,"['ุญูุงุณ_35', 'ูุญู_ุงููุฏุณ_ุงุชูู_ุจุทููุงู_ูุงุฏุฑ', 'ูุฑูู_ูุฌุงูุฏูู']",[],1333106958048632836,1333106958048632836,belal_abn_Gaza,{ุจููููุงููู_ุฃุจู_ุบูููููููููุฒูุฉู}๐ท ๐ต๐ธโ๐ป๐,1,17,https://twitter.com/belal_abn_Gaza/status/1599824149710790657,[],['https://pbs.twimg.com/media/FjO3ledWAAEDoz5.jpg'],1,https://pbs.twimg.com/media/FjO3ledWAAEDoz5.jpg,False,6,0,2,,ุบุฒุฉ,,,,,,,[],,,,
84,1599823663255068672,1599814571329433601,1670262659000.0,2022-12-05 17:50:59,+0000,,@Fhd11M ูุงููู ุงุณุชุนูุง ุจุงููู  ุงูุง ูููุช ุงูู ุงุจูุน ูู ููุง ุนุณู ุงููู ูููู ุตุญ ๐,ar,[],[],1410727928,1410727928,hilalhamed101,ุบุฒุฉ ุนุฒูุง ๐ต๐ธ ุนุงุดุช ููุณุทูู ุญุฑุฉ๐ด๐ฒ,1,17,https://twitter.com/hilalhamed101/status/1599823663255068672,[],[],0,,False,0,0,0,,ุบุฒุฉ,,,,,,,"[{'screen_name': 'Fhd11M', 'name': 'ูุญูุฏ ุงูุฑูููู ๐ธ๐ฆ', 'id': '1134437947'}]",,,,
85,1599823504546750465,1599787866325807104,1670262621000.0,2022-12-05 17:50:21,+0000,,@4thSara #ุบุฒุฉ_ุชุญุช_ุงููุตู ๐ #ุงูุงุฌุฆูู_ูู_ุงููุฎููุงุช,und,"['ุบุฒุฉ_ุชุญุช_ุงููุตู', 'ุงูุงุฌุฆูู_ูู_ุงููุฎููุงุช']",[],962251766,962251766,bantwatani_MBS_,ุญุฑุจูู ๐๐ธ๐ฆ,1,17,https://twitter.com/bantwatani_MBS_/status/1599823504546750465,[],[],0,,False,0,0,0,,ุบุฒุฉ,,,,,,,"[{'screen_name': '4thSara', 'name': 'โ๐ โขโข', 'id': '1525546737431195648'}]",,,,
86,1599823414612484096,1599675234835013632,1670262599000.0,2022-12-05 17:49:59,+0000,,@ilahsad99 ุงุฒ ุบุฒู ุจู ูุง ฺู ุงุตูุง ุ ุจฺฉุฑู ฺฉู ูุทุน ุดุฏู,fa,[],[],1481669514232307713,1481669514232307713,me_chaylover,ฺุง ูุงูุฑโจ,1,17,https://twitter.com/me_chaylover/status/1599823414612484096,[],[],0,,False,1,0,0,,ุบุฒุฉ,,,,,,,"[{'screen_name': 'ilahsad99', 'name': 'ุฏุงุดูููู', 'id': '1549005574033080321'}]",,,,
87,1599823179064541184,1599726743199547392,1670262543000.0,2022-12-05 17:49:03,+0000,,@milad_8_7 @Msaw26 ุนุฑุจ ูุง ูุง ฺฉู ุฏูุฑุชุฑู ุบูุฑ ุชุฑู ู ูุธููู ุชุฑู ูุณุชู ฺฉู ููุท ุงุฒุดูู ุณู ุงุณุชูุงุฏู ุดุฏู  ููู ุฏููู ููู ุณูุฑู ุนุฑุงู ุบุฒู ู ุญูุฒู ุฎูุฌ ูุงุฑุณ ูฺฏู,fa,[],[],948987204445065217,948987204445065217,mardbarfi,S.a.m.a.n,1,17,https://twitter.com/mardbarfi/status/1599823179064541184,[],[],0,,False,1,1,0,,ุบุฒุฉ,,,,,,,"[{'screen_name': 'milad_8_7', 'name': 'ะผฮนlฮฑd', 'id': '1154546295555710977'}, {'screen_name': 'Msaw26', 'name': 'ุจููุด', 'id': '1526891745237147650'}]",,,,
88,1599823141471076352,1599823141471076352,1670262534000.0,2022-12-05 17:48:54,+0000,,"ุงูุทููุฉ ุงูููุณุทูููุฉ ""ุญูุฑ"" ูู ุบุฒุฉ , ุฐูุจุช ุฅูู ุงููุฏุณ ูุชููู ุงูุนูุงุฌ , ูุงูููู ุชุฎุทู ุฃูู ุฎุทูุงุชูุง ุฏุงุฎู ุจุงุญุงุช ุงููุณุฌุฏ ุงูุฃูุตู ุงููุจุงุฑู .  https://t.co/fjIuNFyWw0",ar,[],[],1503438759794257922,1503438759794257922,TAlshhadt,ุทุงูุจ ุงูุดูุงุฏุฉ,1,17,https://twitter.com/TAlshhadt/status/1599823141471076352,[],['https://pbs.twimg.com/media/FjO2eykXwAwvGY9.jpg'],1,https://pbs.twimg.com/media/FjO2eykXwAwvGY9.jpg,False,2,0,0,,ุบุฒุฉ,,,,,,,[],,,,
89,1599823113520193536,1599823113520193536,1670262528000.0,2022-12-05 17:48:48,+0000,,"ุฅูู ุจุณูุฉู ุชุนูู ุดูููุชูู ุฃุจู ุญููู ุ ูุชูุณู ูุฌู ุฃูู ูุชูููุฉ ุ ูุง ุชูุจุงุน ุนูุฏ ูุจููุง ูุญูุฏ ุจุซูู ุ ุญุชู ุญูู ูููู ุงูุซูู ุฌูุงุฏูุง ููุซุจูุช ุฏุนูุชู ูููุดุฑ ุฑุงูุชู ูููุฐุง ุฑุฃููุงู ูุฑุฏู ุฅูู ูุงูุฏูู ุฏุงูุนูู ุงุจููุง ูููุง ุฌุงุก ูุจุงูุนู ุนูู ุงูุฌูุงุฏ ุ ูุณูุนูุงู ูููู ูู ุชูู ุงูุขูุฉ ุงูุจุงูุฑุฉ :""ุงุฑุฌุน ุฅููููุง ูุฃุถุญูููุง ููุง ุฃุจููุชููุง""",ar,[],[],1268673630759792644,1268673630759792644,KilaniTharwat,ุซุฑูุช ูููุงูู ~ ุบุฒุฉ โฆ๐ต๐ธโฉ,1,17,https://twitter.com/KilaniTharwat/status/1599823113520193536,[],[],0,,False,2,0,1,,ุบุฒุฉ,,,,,,,[],,,,
90,1599823086949306369,1599823086949306369,1670262521000.0,2022-12-05 17:48:41,+0000,,#ุบุฒุฉ_ุชุญุช_ุงููุตู  #ููุณุทูู #ุบุฒุฉ  https://t.co/HUBfkJ8Jbp,qme,"['ุบุฒุฉ_ุชุญุช_ุงููุตู', 'ููุณุทูู', 'ุบุฒุฉ']",[],1486713253145186319,1486713253145186319,naem_belal,Belal Naem,1,17,https://twitter.com/naem_belal/status/1599823086949306369,[],['https://pbs.twimg.com/media/FjO2ngdXgAAxERZ.jpg'],1,https://pbs.twimg.com/media/FjO2ngdXgAAxERZ.jpg,False,0,0,0,,ุบุฒุฉ,,,,,,,[],,,,
91,1599823001750736896,1599675234835013632,1670262501000.0,2022-12-05 17:48:21,+0000,,@ilahsad99 ฺฉู ุบุฒู ู ูุฑุฏูุด ูุฏุง ู ุชุงุฑ ูู ุฏุฎุชุฑุง ู ูพุณุฑุง  ุงุฑุงู ๐ฅฐ,fa,[],[],1576564050313478147,1576564050313478147,jnn66590489,ุฌุงูุงู,1,17,https://twitter.com/jnn66590489/status/1599823001750736896,[],[],0,,False,1,1,0,,ุบุฒุฉ,,,,,,,"[{'screen_name': 'ilahsad99', 'name': 'ุฏุงุดูููู', 'id': '1549005574033080321'}]",,,,
92,1599822158003421201,1599822158003421201,1670262300000.0,2022-12-05 17:45:00,+0000,,48 ุฃูู ุทูู ููุงููุฏ ุฌุฏูุฏุฉ ูู #ุบุฒุฉ ููุฐ ุจุฏุงูุฉ ุงูุนุงู.. ูุฃุฒูุฉ ุณูู ุญุงุฏุฉ ุชูุชุธุฑ ุงููุทุงุน #ููุงุฉ_ุงูุบุฏ #ููุณุทูู  https://t.co/CWrvoNLVzB,ar,"['ุบุฒุฉ', 'ููุงุฉ_ุงูุบุฏ', 'ููุณุทูู']",[],442854414,442854414,AlGhadTV,ููุงุฉ ุงูุบุฏ,1,17,https://twitter.com/AlGhadTV/status/1599822158003421201,[],[],1,https://pbs.twimg.com/media/FjOnAVwVsAInJGI.jpg,False,1,0,0,,ุบุฒุฉ,,,,,,,[],,,,
93,1599822099715014661,1599780626969686016,1670262286000.0,2022-12-05 17:44:46,+0000,,@Hanzpal2 ุฒูู ูุฏูุง ูุงุชุถู ุดุจูุฉ ุงุตูุง,ar,[],[],1489494697873657858,1489494697873657858,ayad_ayad0,ูุถุงู ุงุจูุนูุงุฏ - ุบุฒุฉ,1,17,https://twitter.com/ayad_ayad0/status/1599822099715014661,[],[],0,,False,0,0,0,,ุบุฒุฉ,,,,,,,"[{'screen_name': 'Hanzpal2', 'name': 'Hanzala', 'id': '1311224065890410496'}]",,,,
94,1599822082224766981,1599822082224766981,1670262282000.0,2022-12-05 17:44:42,+0000,,"#ุตูุฑ || ุจุฏุก ุญุตุงุฏ ""ุงูุจุทุงุทุง ุงูุจุฏุฑูุฉ"" ูู ุจูุช ุญุงููู ุดูุงู ูุทุงุน #ุบุฒุฉ  #ูุฏุณ_ุจุฑุณ #ุงูุฎุจุฑ_ูุฃูุซุฑ  https://t.co/01rQbTTJLg",ar,"['ุตูุฑ', 'ุบุฒุฉ', 'ูุฏุณ_ุจุฑุณ', 'ุงูุฎุจุฑ_ูุฃูุซุฑ']",[],78557721,78557721,QudsPress,Quds Press | ูุฏุณ ุจุฑุณ,1,17,https://twitter.com/QudsPress/status/1599822082224766981,[],"['https://pbs.twimg.com/media/FjO1ociWQAAOzoH.jpg', 'https://pbs.twimg.com/media/FjO1oceXoAM1wYq.jpg', 'https://pbs.twimg.com/media/FjO1ocnXwAkFkMy.jpg', 'https://pbs.twimg.com/media/FjO1ocfXkAM1Rvb.jpg']",1,https://pbs.twimg.com/media/FjO1ociWQAAOzoH.jpg,False,0,0,0,,ุบุฒุฉ,,,,,,,[],,,,
95,1599822061324554242,1599822061324554242,1670262277000.0,2022-12-05 17:44:37,+0000,,ุงูุญุงุฑุณ ุชุฃูู ูุงูุจุงูู ุบูุท ุฎุฎุฎุฎ,ar,[],[],889263812347604997,889263812347604997,Muhannadkh98,ุฃุจู ุงูููููููุฏ- ุบุฒุฉ ๐ต๐ธ๐ง๐ท,1,17,https://twitter.com/Muhannadkh98/status/1599822061324554242,[],[],0,,False,0,0,0,https://twitter.com/Muhannadkh98/status/1599818897578160128,ุบุฒุฉ,,,,,,,[],,,,
96,1599822008505683970,1599787206020780032,1670262264000.0,2022-12-05 17:44:24,+0000,,@Nonoo_Ahmad55 ูุนูุง .. ุงููู ูุณุนุฏ ูุณุงูู ุจูู ุฎูุฑ,ar,[],[],1489494697873657858,1489494697873657858,ayad_ayad0,ูุถุงู ุงุจูุนูุงุฏ - ุบุฒุฉ,1,17,https://twitter.com/ayad_ayad0/status/1599822008505683970,[],[],0,,False,0,0,0,,ุบุฒุฉ,,,,,,,"[{'screen_name': 'Nonoo_Ahmad55', 'name': 'ยซโกุขูุดูููุขูุฉโกยป', 'id': '1358207434087690246'}]",,,,
97,1599821922073645056,1599821922073645056,1670262244000.0,2022-12-05 17:44:04,+0000,,"ุงูุทููุฉ ุงูููุณุทูููุฉ ""ุญูุฑ"" ูู ุบุฒุฉ , ุฐูุจุช ุฅูู ุงููุฏุณ ูุชููู ุงูุนูุงุฌ , ูุงูููู ุชุฎุทู ุฃูู ุฎุทูุงุชูุง ุฏุงุฎู ุจุงุญุงุช ุงููุณุฌุฏ ุงูุฃูุตู ุงููุจุงุฑู . ๐ต๐ธ  https://t.co/BWOf66I578",ar,[],[],1393670201883889665,1393670201883889665,GazaNownews,ุบุฒุฉ ุงูุขู - Gaza Now,1,17,https://twitter.com/GazaNownews/status/1599821922073645056,[],['https://pbs.twimg.com/media/FjO1jAcXgAEXA-n.jpg'],1,https://pbs.twimg.com/media/FjO1jAcXgAEXA-n.jpg,False,57,2,8,,ุบุฒุฉ,,,,,,,[],,,,
98,1599821914364862465,1599798397472342018,1670262242000.0,2022-12-05 17:44:02,+0000,,@as_aw2 ุงูุญูู ูุงูุฒูู ูู ุญุงุฌุฉ ุจุชููู ูู   ูุจุฑุฌุน ูุงููู ุงูุฒูู ุฒูู ุจุฃุฎูุงูู,ar,[],[],1489494697873657858,1489494697873657858,ayad_ayad0,ูุถุงู ุงุจูุนูุงุฏ - ุบุฒุฉ,1,17,https://twitter.com/ayad_ayad0/status/1599821914364862465,[],[],0,,False,0,0,0,,ุบุฒุฉ,,,,,,,"[{'screen_name': 'as_aw2', 'name': 'ูููุชฺฏ.', 'id': '1247840362036690945'}]",,,,
99,1599821624752017409,1599531995574460416,1670262173000.0,2022-12-05 17:42:53,+0000,,@arabqoute ูุทุฑุญ ูุงูููุทุฑ ูููุทุฑ,ar,[],[],1489494697873657858,1489494697873657858,ayad_ayad0,ูุถุงู ุงุจูุนูุงุฏ - ุบุฒุฉ,1,17,https://twitter.com/ayad_ayad0/status/1599821624752017409,[],[],0,,False,0,0,0,,ุบุฒุฉ,,,,,,,"[{'screen_name': 'arabqoute', 'name': 'ููุช ุชููุช | ุฌูุงุจ', 'id': '3116779908'}]",,,,
